16639
134 134 8111 8111
134 134 8112 8112
134 134 8113 8113
134 134 8114 8114
134 134 8110 8110
134 134 8115 8115
134 134 8116 8116
134 134 8117 8117
134 134 8109 8109
134 134 8108 8108
134 134 8118 8118
134 134 8119 8119
134 134 8120 8120
134 134 8121 8121
134 134 8122 8122
134 134 8123 8123
134 134 8107 8107
134 134 8106 8106
134 134 8124 8124
134 134 8125 8125
134 134 8105 8105
134 134 8126 8126
134 134 8104 8104
134 134 8127 8127
134 134 8128 8128
134 134 8103 8103
134 134 8129 8129
134 134 8102 8102
134 134 8130 8130
134 134 8101 8101
134 134 8131 8131
134 134 8132 8132
134 134 8133 8133
134 134 8100 8100
134 134 8099 8099
134 134 8098 8098
134 134 8134 8134
134 134 8135 8135
134 134 8136 8136
134 134 8137 8137
134 134 8138 8138
134 134 8139 8139
134 134 8140 8140
134 134 8097 8097
134 134 8096 8096
134 134 8141 8141
134 134 8142 8142
134 134 8095 8095
134 134 8143 8143
134 134 8094 8094
134 134 8144 8144
134 134 8093 8093
134 134 8145 8145
134 134 8146 8146
134 134 8147 8147
134 134 8148 8148
134 134 8092 8092
134 134 8091 8091
134 134 8090 8090
134 134 8149 8149
134 134 8089 8089
134 134 8150 8150
134 134 8088 8088
134 134 8151 8151
134 134 8152 8152
134 134 8153 8153
134 134 8154 8154
134 134 8087 8087
134 134 8155 8155
135 135 8087 8155
134 135 8086 8086
134 135 8156 8156
134 135 8085 8085
134 135 8157 8157
134 135 8158 8158
134 135 8159 8159
134 135 8084 8084
134 135 8160 8160
134 135 8083 8083
134 135 8161 8161
134 135 8082 8082
134 135 8162 8162
134 135 8163 8163
134 135 8081 8081
134 135 8080 8080
134 135 8079 8079
134 135 8078 8078
134 135 8164 8164
134 135 8165 8165
134 135 8166 8166
134 135 8167 8167
134 135 8168 8168
134 135 8077 8077
134 135 8169 8169
134 135 8076 8076
134 135 8170 8170
134 135 8171 8171
134 135 8172 8172
134 135 8075 8075
134 135 8074 8074
134 135 8173 8173
134 135 8174 8174
134 135 8073 8073
133 133 8073 8174
133 135 8175 8175
133 135 8072 8072
133 135 8071 8071
133 135 8176 8176
133 135 8177 8177
133 135 8070 8070
133 135 8178 8178
133 135 8069 8069
133 135 8068 8068
133 135 8067 8067
133 135 8066 8066
133 135 8179 8179
133 135 8065 8065
133 135 8064 8064
133 135 8063 8063
133 135 8062 8062
133 135 8180 8180
133 135 8061 8061
133 135 8060 8060
133 135 8181 8181
133 135 8182 8182
133 135 8059 8059
133 135 8183 8183
133 135 8058 8058
133 135 8057 8057
132 132 8057 8183
132 135 8056 8056
132 135 8184 8184
132 135 8055 8055
132 135 8054 8054
132 135 8185 8185
132 135 8053 8053
132 135 8186 8186
132 135 8052 8052
132 135 8187 8187
132 135 8188 8188
132 135 8051 8051
132 135 8189 8189
132 135 8190 8190
132 135 8191 8191
132 135 8050 8050
132 135 8049 8049
132 135 8048 8048
132 135 8047 8047
132 135 8192 8192
132 135 8046 8046
132 135 8045 8045
132 135 8044 8044
132 135 8043 8043
132 135 8042 8042
132 135 8193 8193
132 135 8194 8194
132 135 8041 8041
132 135 8040 8040
132 135 8195 8195
132 135 8196 8196
132 135 8197 8197
132 135 8198 8198
132 135 8039 8039
132 135 8038 8038
132 135 8199 8199
132 135 8200 8200
132 135 8037 8037
132 135 8201 8201
132 135 8202 8202
132 135 8203 8203
132 135 8204 8204
132 135 8205 8205
132 135 8036 8036
132 135 8206 8206
132 135 8207 8207
132 135 8035 8035
132 135 8208 8208
132 135 8034 8034
132 135 8209 8209
132 135 8033 8033
132 135 8032 8032
132 135 8210 8210
132 135 8031 8031
132 135 8211 8211
132 135 8030 8030
132 135 8029 8029
132 135 8028 8028
132 135 8212 8212
132 135 8213 8213
132 135 8214 8214
132 135 8215 8215
132 135 8027 8027
132 135 8216 8216
132 135 8217 8217
132 135 8218 8218
132 135 8219 8219
132 135 8220 8220
132 135 8026 8026
132 135 8025 8025
132 135 8221 8221
132 135 8024 8024
132 135 8023 8023
132 135 8222 8222
132 135 8022 8022
132 135 8223 8223
132 135 8021 8021
132 135 8020 8020
132 135 8224 8224
132 135 8019 8019
132 135 8225 8225
132 135 8226 8226
132 135 8227 8227
132 135 8018 8018
132 135 8228 8228
132 135 8017 8017
132 135 8016 8016
132 135 8229 8229
132 135 8230 8230
132 135 8231 8231
132 135 8232 8232
132 135 8233 8233
132 135 8234 8234
132 135 8015 8015
132 135 8235 8235
132 135 8014 8014
132 135 8013 8013
132 135 8012 8012
132 135 8011 8011
132 135 8236 8236
132 135 8237 8237
132 135 8238 8238
132 135 8239 8239
132 135 8240 8240
132 135 8010 8010
132 135 8241 8241
132 135 8242 8242
132 135 8009 8009
132 135 8243 8243
132 135 8008 8008
132 135 8244 8244
132 135 8007 8007
131 131 8007 8244
131 135 8245 8245
131 135 8246 8246
131 135 8006 8006
131 135 8247 8247
131 135 8248 8248
131 135 8005 8005
131 135 8004 8004
131 135 8003 8003
131 135 8249 8249
131 135 8250 8250
131 135 8002 8002
131 135 8001 8001
131 135 8000 8000
131 135 7999 7999
131 135 7998 7998
131 135 7997 7997
131 135 7996 7996
131 135 8251 8251
130 130 7996 8251
130 135 8252 8252
130 135 7995 7995
130 135 7994 7994
130 135 7993 7993
130 135 7992 7992
130 135 7991 7991
130 135 8253 8253
130 135 7990 7990
129 129 7990 8253
129 135 8254 8254
129 135 8255 8255
129 135 7989 7989
129 135 8256 8256
129 135 7988 7988
129 135 8257 8257
129 135 7987 7987
129 135 7986 7986
129 135 8258 8258
129 135 7985 7985
129 135 7984 7984
129 135 8259 8259
129 135 8260 8260
129 135 8261 8261
129 135 8262 8262
129 135 7983 7983
129 135 7982 7982
129 135 7981 7981
129 135 8263 8263
136 136 7981 8263
129 136 8264 8264
129 136 8265 8265
129 136 7980 7980
129 136 8266 8266
129 136 7979 7979
129 136 7978 7978
129 136 8267 8267
129 136 7977 7977
129 136 7976 7976
129 136 8268 8268
129 136 7975 7975
129 136 7974 7974
129 136 8269 8269
129 136 7973 7973
129 136 8270 8270
129 136 8271 8271
129 136 8272 8272
129 136 7972 7972
129 136 7971 7971
129 136 7970 7970
129 136 7969 7969
129 136 8273 8273
129 136 7968 7968
129 136 7967 7967
129 136 8274 8274
129 136 7966 7966
129 136 8275 8275
129 136 8276 8276
129 136 8277 8277
129 136 7965 7965
129 136 7964 7964
129 136 7963 7963
129 136 7962 7962
129 136 8278 8278
129 136 8279 8279
129 136 8280 8280
129 136 8281 8281
129 136 8282 8282
129 136 8283 8283
129 136 8284 8284
129 136 7961 7961
129 136 7960 7960
129 136 8285 8285
129 136 8286 8286
129 136 8287 8287
137 137 7960 8287
129 137 7959 7959
129 137 7958 7958
129 137 8288 8288
129 137 7957 7957
129 137 8289 8289
129 137 8290 8290
129 137 8291 8291
129 137 8292 8292
129 137 8293 8293
129 137 7956 7956
129 137 8294 8294
129 137 7955 7955
129 137 7954 7954
129 137 8295 8295
129 137 8296 8296
129 137 7953 7953
129 137 8297 8297
129 137 8298 8298
129 137 7952 7952
129 137 7951 7951
129 137 8299 8299
129 137 7950 7950
129 137 8300 8300
129 137 8301 8301
129 137 8302 8302
129 137 7949 7949
129 137 7948 7948
129 137 8303 8303
129 137 7947 7947
129 137 8304 8304
129 137 8305 8305
129 137 8306 8306
129 137 8307 8307
129 137 7946 7946
129 137 7945 7945
129 137 8308 8308
129 137 8309 8309
129 137 8310 8310
129 137 8311 8311
129 137 8312 8312
129 137 7944 7944
129 137 8313 8313
129 137 8314 8314
129 137 7943 7943
129 137 8315 8315
129 137 8316 8316
129 137 8317 8317
129 137 7942 7942
129 137 7941 7941
129 137 8318 8318
129 137 8319 8319
129 137 7940 7940
129 137 8320 8320
129 137 7939 7939
129 137 8321 8321
128 128 7939 8321
128 137 7938 7938
128 137 8322 8322
128 137 8323 8323
128 137 7937 7937
128 137 7936 7936
128 137 7935 7935
127 127 7935 8323
127 137 7934 7934
127 137 8324 8324
127 137 8325 8325
127 137 7933 7933
127 137 8326 8326
127 137 7932 7932
127 137 7931 7931
127 137 8327 8327
127 137 7930 7930
127 137 8328 8328
127 137 7929 7929
127 137 8329 8329
127 137 7928 7928
127 137 8330 8330
127 137 7927 7927
127 137 8331 8331
127 137 8332 8332
127 137 7926 7926
127 137 7925 7925
127 137 7924 7924
127 137 7923 7923
127 137 8333 8333
127 137 8334 8334
127 137 7922 7922
127 137 8335 8335
127 137 8336 8336
127 137 8337 8337
127 137 7921 7921
127 137 8338 8338
127 137 8339 8339
127 137 7920 7920
127 137 7919 7919
127 137 7918 7918
127 137 7917 7917
127 137 7916 7916
127 137 7915 7915
127 137 7914 7914
127 137 7913 7913
127 137 7912 7912
127 137 7911 7911
127 137 7910 7910
127 137 8340 8340
127 137 7909 7909
127 137 8341 8341
127 137 8342 8342
127 137 7908 7908
127 137 8343 8343
127 137 8344 8344
127 137 8345 8345
127 137 7907 7907
127 137 7906 7906
127 137 8346 8346
127 137 7905 7905
127 137 8347 8347
127 137 7904 7904
127 137 8348 8348
127 137 8349 8349
127 137 7903 7903
127 137 7902 7902
127 137 7901 7901
127 137 7900 7900
127 137 8350 8350
127 137 7899 7899
127 137 8351 8351
127 137 8352 8352
127 137 8353 8353
127 137 8354 8354
127 137 8355 8355
127 137 7898 7898
127 137 7897 7897
127 137 8356 8356
127 137 8357 8357
127 137 8358 8358
127 137 8359 8359
127 137 7896 7896
127 137 7895 7895
127 137 8360 8360
127 137 8361 8361
127 137 7894 7894
127 137 8362 8362
127 137 7893 7893
127 137 8363 8363
127 137 8364 8364
127 137 7892 7892
127 137 7891 7891
127 137 7890 7890
127 137 7889 7889
127 137 8365 8365
127 137 7888 7888
127 137 7887 7887
127 137 8366 8366
127 137 7886 7886
126 126 7886 8366
126 137 8367 8367
126 137 8368 8368
126 137 7885 7885
126 137 8369 8369
126 137 7884 7884
126 137 7883 7883
126 137 7882 7882
126 137 8370 8370
126 137 8371 8371
126 137 8372 8372
126 137 8373 8373
126 137 8374 8374
126 137 8375 8375
126 137 8376 8376
126 137 8377 8377
126 137 7881 7881
126 137 8378 8378
126 137 8379 8379
126 137 8380 8380
126 137 7880 7880
126 137 8381 8381
126 137 8382 8382
126 137 7879 7879
126 137 7878 7878
126 137 8383 8383
126 137 7877 7877
126 137 8384 8384
126 137 8385 8385
126 137 7876 7876
126 137 8386 8386
126 137 8387 8387
126 137 8388 8388
126 137 8389 8389
126 137 7875 7875
126 137 8390 8390
126 137 8391 8391
126 137 8392 8392
126 137 7874 7874
126 137 8393 8393
126 137 7873 7873
126 137 7872 7872
126 137 7871 7871
126 137 7870 7870
126 137 7869 7869
126 137 7868 7868
126 137 8394 8394
126 137 7867 7867
126 137 8395 8395
126 137 7866 7866
126 137 7865 7865
126 137 7864 7864
126 137 8396 8396
126 137 7863 7863
126 137 8397 8397
126 137 7862 7862
126 137 7861 7861
126 137 7860 7860
126 137 7859 7859
126 137 7858 7858
126 137 8398 8398
126 137 8399 8399
126 137 8400 8400
126 137 8401 8401
126 137 8402 8402
126 137 7857 7857
126 137 8403 8403
126 137 8404 8404
126 137 8405 8405
126 137 7856 7856
126 137 7855 7855
126 137 8406 8406
126 137 7854 7854
126 137 8407 8407
126 137 8408 8408
126 137 8409 8409
126 137 7853 7853
126 137 8410 8410
126 137 8411 8411
126 137 8412 8412
126 137 8413 8413
126 137 8414 8414
126 137 7852 7852
126 137 8415 8415
126 137 8416 8416
126 137 8417 8417
126 137 8418 8418
126 137 7851 7851
126 137 7850 7850
126 137 7849 7849
126 137 8419 8419
126 137 8420 8420
126 137 8421 8421
126 137 7848 7848
126 137 8422 8422
126 137 8423 8423
126 137 7847 7847
126 137 8424 8424
126 137 8425 8425
126 137 7846 7846
126 137 7845 7845
126 137 7844 7844
126 137 8426 8426
126 137 7843 7843
126 137 7842 7842
126 137 7841 7841
126 137 8427 8427
126 137 7840 7840
126 137 7839 7839
126 137 7838 7838
126 137 7837 7837
126 137 8428 8428
126 137 8429 8429
126 137 8430 8430
126 137 8431 8431
126 137 7836 7836
138 138 7836 8431
126 138 7835 7835
126 138 8432 8432
126 138 7834 7834
126 138 7833 7833
126 138 7832 7832
126 138 7831 7831
126 138 7830 7830
126 138 7829 7829
126 138 7828 7828
126 138 7827 7827
126 138 7826 7826
126 138 7825 7825
126 138 8433 8433
126 138 8434 8434
126 138 7824 7824
126 138 8435 8435
126 138 8436 8436
126 138 7823 7823
126 138 8437 8437
126 138 8438 8438
126 138 7822 7822
126 138 7821 7821
126 138 8439 8439
126 138 8440 8440
126 138 7820 7820
126 138 8441 8441
126 138 8442 8442
126 138 8443 8443
126 138 7819 7819
126 138 7818 7818
126 138 8444 8444
126 138 7817 7817
126 138 8445 8445
126 138 7816 7816
126 138 7815 7815
126 138 7814 7814
126 138 8446 8446
126 138 8447 8447
126 138 7813 7813
126 138 7812 7812
126 138 8448 8448
126 138 7811 7811
126 138 7810 7810
126 138 7809 7809
126 138 8449 8449
126 138 8450 8450
126 138 7808 7808
126 138 7807 7807
126 138 8451 8451
126 138 8452 8452
126 138 8453 8453
126 138 8454 8454
126 138 8455 8455
126 138 7806 7806
126 138 7805 7805
139 139 7805 8455
126 139 7804 7804
126 139 8456 8456
126 139 8457 8457
126 139 7803 7803
126 139 7802 7802
126 139 7801 7801
126 139 8458 8458
126 139 8459 8459
126 139 8460 8460
126 139 7800 7800
126 139 8461 8461
126 139 8462 8462
126 139 8463 8463
126 139 7799 7799
126 139 8464 8464
126 139 7798 7798
126 139 7797 7797
126 139 8465 8465
126 139 8466 8466
126 139 7796 7796
126 139 8467 8467
126 139 7795 7795
126 139 7794 7794
126 139 8468 8468
126 139 8469 8469
126 139 7793 7793
126 139 7792 7792
126 139 7791 7791
126 139 7790 7790
126 139 8470 8470
126 139 7789 7789
126 139 7788 7788
126 139 8471 8471
126 139 8472 8472
126 139 7787 7787
126 139 8473 8473
126 139 8474 8474
126 139 8475 8475
126 139 8476 8476
126 139 8477 8477
126 139 8478 8478
126 139 7786 7786
126 139 8479 8479
126 139 7785 7785
126 139 8480 8480
126 139 8481 8481
126 139 7784 7784
126 139 8482 8482
126 139 7783 7783
126 139 8483 8483
126 139 8484 8484
126 139 7782 7782
126 139 8485 8485
126 139 8486 8486
126 139 7781 7781
126 139 7780 7780
126 139 8487 8487
126 139 8488 8488
126 139 8489 8489
126 139 7779 7779
126 139 8490 8490
126 139 7778 7778
126 139 8491 8491
126 139 7777 7777
126 139 7776 7776
126 139 8492 8492
126 139 7775 7775
126 139 7774 7774
126 139 8493 8493
126 139 8494 8494
126 139 8495 8495
126 139 7773 7773
126 139 7772 7772
126 139 7771 7771
126 139 7770 7770
126 139 8496 8496
126 139 7769 7769
126 139 8497 8497
126 139 7768 7768
126 139 8498 8498
126 139 7767 7767
126 139 7766 7766
126 139 8499 8499
126 139 7765 7765
126 139 8500 8500
126 139 7764 7764
126 139 8501 8501
126 139 7763 7763
126 139 8502 8502
126 139 8503 8503
126 139 7762 7762
126 139 8504 8504
126 139 7761 7761
126 139 8505 8505
126 139 8506 8506
126 139 8507 8507
126 139 8508 8508
126 139 7760 7760
126 139 7759 7759
126 139 8509 8509
126 139 8510 8510
126 139 8511 8511
126 139 7758 7758
126 139 8512 8512
126 139 7757 7757
126 139 7756 7756
126 139 8513 8513
126 139 8514 8514
126 139 7755 7755
126 139 7754 7754
126 139 8515 8515
126 139 8516 8516
126 139 8517 8517
126 139 8518 8518
126 139 7753 7753
126 139 8519 8519
126 139 7752 7752
126 139 7751 7751
126 139 7750 7750
126 139 7749 7749
126 139 8520 8520
126 139 7748 7748
126 139 8521 8521
126 139 8522 8522
125 125 7748 8522
125 139 7747 7747
125 139 8523 8523
125 139 7746 7746
125 139 7745 7745
125 139 8524 8524
125 139 7744 7744
125 139 7743 7743
140 140 7743 8524
125 140 8525 8525
125 140 7742 7742
125 140 8526 8526
125 140 7741 7741
125 140 7740 7740
125 140 7739 7739
124 124 7739 8526
124 140 8527 8527
124 140 7738 7738
124 140 7737 7737
124 140 7736 7736
124 140 7735 7735
124 140 8528 8528
124 140 7734 7734
124 140 7733 7733
124 140 8529 8529
124 140 8530 8530
124 140 7732 7732
124 140 8531 8531
124 140 8532 8532
124 140 8533 8533
124 140 7731 7731
124 140 7730 7730
124 140 8534 8534
124 140 7729 7729
124 140 8535 8535
124 140 8536 8536
124 140 7728 7728
124 140 7727 7727
124 140 8537 8537
124 140 7726 7726
124 140 7725 7725
124 140 8538 8538
124 140 8539 8539
124 140 8540 8540
141 141 7725 8540
124 141 8541 8541
124 141 7724 7724
124 141 7723 7723
124 141 7722 7722
124 141 7721 7721
124 141 8542 8542
124 141 8543 8543
124 141 7720 7720
124 141 8544 8544
124 141 8545 8545
124 141 8546 8546
124 141 7719 7719
124 141 7718 7718
124 141 7717 7717
124 141 8547 8547
124 141 7716 7716
123 123 7716 8547
123 141 7715 7715
123 141 8548 8548
123 141 8549 8549
123 141 7714 7714
123 141 8550 8550
123 141 7713 7713
123 141 8551 8551
123 141 7712 7712
123 141 8552 8552
123 141 8553 8553
123 141 7711 7711
123 141 8554 8554
123 141 7710 7710
123 141 7709 7709
123 141 7708 7708
123 141 8555 8555
123 141 8556 8556
123 141 8557 8557
123 141 8558 8558
123 141 7707 7707
123 141 8559 8559
123 141 8560 8560
123 141 8561 8561
123 141 8562 8562
123 141 7706 7706
123 141 8563 8563
123 141 7705 7705
123 141 7704 7704
123 141 7703 7703
123 141 7702 7702
123 141 7701 7701
123 141 8564 8564
123 141 7700 7700
123 141 8565 8565
123 141 8566 8566
123 141 8567 8567
123 141 7699 7699
123 141 7698 7698
123 141 8568 8568
123 141 8569 8569
123 141 7697 7697
123 141 7696 7696
123 141 8570 8570
123 141 7695 7695
123 141 8571 8571
123 141 8572 8572
123 141 8573 8573
123 141 7694 7694
123 141 7693 7693
122 122 7693 8573
122 141 7692 7692
122 141 7691 7691
122 141 7690 7690
122 141 7689 7689
122 141 8574 8574
122 141 7688 7688
122 141 8575 8575
122 141 7687 7687
122 141 7686 7686
122 141 7685 7685
122 141 7684 7684
122 141 8576 8576
122 141 8577 8577
122 141 8578 8578
122 141 7683 7683
122 141 8579 8579
122 141 7682 7682
122 141 8580 8580
122 141 8581 8581
122 141 7681 7681
122 141 7680 7680
122 141 7679 7679
122 141 8582 8582
122 141 7678 7678
122 141 7677 7677
122 141 7676 7676
122 141 7675 7675
122 141 8583 8583
122 141 8584 8584
122 141 7674 7674
122 141 8585 8585
122 141 8586 8586
122 141 7673 7673
122 141 7672 7672
122 141 8587 8587
122 141 8588 8588
122 141 8589 8589
122 141 8590 8590
122 141 7671 7671
122 141 7670 7670
122 141 7669 7669
122 141 7668 7668
122 141 7667 7667
122 141 8591 8591
122 141 8592 8592
122 141 8593 8593
122 141 7666 7666
122 141 8594 8594
122 141 8595 8595
122 141 8596 8596
122 141 8597 8597
122 141 7665 7665
122 141 8598 8598
122 141 8599 8599
122 141 8600 8600
122 141 8601 8601
122 141 7664 7664
122 141 8602 8602
122 141 7663 7663
122 141 8603 8603
122 141 8604 8604
121 121 7663 8604
121 141 8605 8605
121 141 8606 8606
121 141 7662 7662
121 141 7661 7661
121 141 8607 8607
121 141 7660 7660
121 141 7659 7659
121 141 8608 8608
121 141 7658 7658
121 141 8609 8609
121 141 8610 8610
121 141 8611 8611
121 141 7657 7657
121 141 7656 7656
121 141 7655 7655
121 141 8612 8612
121 141 8613 8613
121 141 8614 8614
121 141 7654 7654
121 141 8615 8615
121 141 7653 7653
121 141 8616 8616
121 141 7652 7652
121 141 8617 8617
121 141 7651 7651
121 141 8618 8618
121 141 7650 7650
121 141 8619 8619
121 141 7649 7649
121 141 8620 8620
121 141 8621 8621
121 141 8622 8622
121 141 8623 8623
121 141 8624 8624
121 141 7648 7648
121 141 7647 7647
121 141 8625 8625
121 141 8626 8626
121 141 7646 7646
121 141 7645 7645
121 141 7644 7644
121 141 7643 7643
121 141 8627 8627
121 141 7642 7642
120 120 7642 8627
120 141 8628 8628
120 141 8629 8629
120 141 7641 7641
120 141 8630 8630
120 141 8631 8631
120 141 8632 8632
120 141 8633 8633
120 141 7640 7640
120 141 7639 7639
120 141 7638 7638
120 141 7637 7637
120 141 8634 8634
120 141 8635 8635
120 141 7636 7636
120 141 8636 8636
120 141 7635 7635
120 141 8637 8637
120 141 8638 8638
120 141 8639 8639
120 141 8640 8640
120 141 7634 7634
120 141 7633 7633
120 141 7632 7632
120 141 8641 8641
120 141 7631 7631
120 141 7630 7630
120 141 8642 8642
120 141 7629 7629
120 141 8643 8643
120 141 8644 8644
120 141 8645 8645
120 141 7628 7628
120 141 8646 8646
120 141 8647 8647
120 141 8648 8648
142 142 7628 8648
120 142 7627 7627
120 142 8649 8649
120 142 8650 8650
120 142 8651 8651
120 142 7626 7626
120 142 7625 7625
120 142 7624 7624
120 142 7623 7623
120 142 8652 8652
120 142 7622 7622
120 142 7621 7621
120 142 7620 7620
120 142 8653 8653
120 142 7619 7619
120 142 7618 7618
120 142 7617 7617
120 142 7616 7616
120 142 8654 8654
120 142 8655 8655
120 142 7615 7615
120 142 8656 8656
120 142 7614 7614
120 142 8657 8657
120 142 7613 7613
120 142 7612 7612
120 142 7611 7611
120 142 8658 8658
120 142 7610 7610
120 142 8659 8659
120 142 7609 7609
120 142 8660 8660
120 142 8661 8661
120 142 8662 8662
120 142 8663 8663
120 142 7608 7608
120 142 7607 7607
120 142 8664 8664
120 142 7606 7606
120 142 7605 7605
120 142 8665 8665
120 142 8666 8666
120 142 8667 8667
120 142 7604 7604
120 142 7603 7603
120 142 8668 8668
120 142 7602 7602
120 142 8669 8669
120 142 8670 8670
120 142 7601 7601
120 142 8671 8671
120 142 8672 8672
120 142 7600 7600
120 142 7599 7599
120 142 7598 7598
120 142 7597 7597
120 142 8673 8673
120 142 8674 8674
120 142 8675 8675
120 142 7596 7596
120 142 8676 8676
120 142 8677 8677
120 142 7595 7595
120 142 8678 8678
120 142 7594 7594
120 142 7593 7593
120 142 8679 8679
120 142 8680 8680
120 142 8681 8681
120 142 8682 8682
120 142 7592 7592
120 142 7591 7591
120 142 7590 7590
120 142 8683 8683
120 142 8684 8684
120 142 8685 8685
120 142 8686 8686
120 142 7589 7589
120 142 7588 7588
120 142 8687 8687
120 142 8688 8688
120 142 8689 8689
120 142 8690 8690
120 142 7587 7587
120 142 7586 7586
120 142 8691 8691
120 142 8692 8692
120 142 7585 7585
120 142 7584 7584
120 142 8693 8693
120 142 7583 7583
120 142 8694 8694
120 142 7582 7582
120 142 7581 7581
120 142 7580 7580
120 142 7579 7579
120 142 8695 8695
120 142 7578 7578
120 142 8696 8696
120 142 7577 7577
120 142 7576 7576
120 142 7575 7575
120 142 8697 8697
120 142 7574 7574
120 142 8698 8698
120 142 7573 7573
120 142 7572 7572
120 142 8699 8699
120 142 7571 7571
120 142 7570 7570
120 142 7569 7569
120 142 8700 8700
120 142 7568 7568
120 142 7567 7567
120 142 7566 7566
120 142 8701 8701
120 142 8702 8702
120 142 7565 7565
120 142 8703 8703
120 142 8704 8704
120 142 7564 7564
120 142 8705 8705
120 142 8706 8706
120 142 8707 8707
120 142 8708 8708
120 142 7563 7563
120 142 7562 7562
120 142 7561 7561
120 142 7560 7560
120 142 8709 8709
120 142 7559 7559
120 142 8710 8710
120 142 7558 7558
120 142 8711 8711
120 142 8712 8712
120 142 8713 8713
120 142 7557 7557
120 142 7556 7556
120 142 7555 7555
120 142 8714 8714
120 142 7554 7554
120 142 8715 8715
120 142 8716 8716
120 142 7553 7553
120 142 7552 7552
120 142 7551 7551
120 142 7550 7550
120 142 8717 8717
120 142 7549 7549
120 142 8718 8718
120 142 7548 7548
120 142 8719 8719
120 142 8720 8720
120 142 7547 7547
120 142 7546 7546
120 142 8721 8721
120 142 8722 8722
120 142 8723 8723
120 142 7545 7545
120 142 8724 8724
120 142 7544 7544
120 142 7543 7543
120 142 8725 8725
120 142 8726 8726
120 142 7542 7542
120 142 8727 8727
120 142 7541 7541
120 142 7540 7540
120 142 8728 8728
120 142 8729 8729
120 142 8730 8730
120 142 7539 7539
120 142 8731 8731
120 142 7538 7538
120 142 8732 8732
120 142 7537 7537
120 142 8733 8733
120 142 8734 8734
120 142 8735 8735
120 142 8736 8736
120 142 7536 7536
120 142 8737 8737
120 142 7535 7535
120 142 8738 8738
120 142 7534 7534
120 142 8739 8739
120 142 7533 7533
120 142 7532 7532
120 142 8740 8740
120 142 7531 7531
120 142 7530 7530
120 142 8741 8741
120 142 7529 7529
120 142 7528 7528
120 142 7527 7527
120 142 7526 7526
120 142 7525 7525
120 142 7524 7524
120 142 8742 8742
120 142 7523 7523
120 142 7522 7522
120 142 8743 8743
120 142 7521 7521
120 142 7520 7520
120 142 7519 7519
120 142 8744 8744
120 142 8745 8745
120 142 7518 7518
120 142 7517 7517
120 142 8746 8746
120 142 7516 7516
120 142 7515 7515
120 142 7514 7514
120 142 8747 8747
120 142 8748 8748
120 142 8749 8749
120 142 7513 7513
120 142 8750 8750
120 142 8751 8751
120 142 8752 8752
120 142 8753 8753
120 142 8754 8754
120 142 8755 8755
120 142 8756 8756
120 142 7512 7512
120 142 8757 8757
120 142 8758 8758
120 142 8759 8759
120 142 8760 8760
120 142 8761 8761
120 142 8762 8762
120 142 8763 8763
120 142 8764 8764
120 142 8765 8765
120 142 8766 8766
120 142 8767 8767
120 142 7511 7511
120 142 7510 7510
120 142 8768 8768
120 142 7509 7509
120 142 7508 7508
120 142 7507 7507
120 142 7506 7506
120 142 7505 7505
120 142 7504 7504
120 142 7503 7503
120 142 8769 8769
120 142 7502 7502
120 142 7501 7501
120 142 8770 8770
120 142 8771 8771
120 142 8772 8772
120 142 8773 8773
120 142 8774 8774
120 142 8775 8775
120 142 7500 7500
120 142 8776 8776
120 142 8777 8777
120 142 8778 8778
120 142 7499 7499
120 142 8779 8779
120 142 8780 8780
120 142 8781 8781
120 142 7498 7498
120 142 7497 7497
119 119 7497 8781
119 142 7496 7496
119 142 7495 7495
119 142 8782 8782
119 142 7494 7494
119 142 7493 7493
119 142 8783 8783
119 142 8784 8784
119 142 7492 7492
119 142 8785 8785
119 142 8786 8786
119 142 8787 8787
119 142 7491 7491
119 142 7490 7490
119 142 8788 8788
119 142 8789 8789
119 142 7489 7489
119 142 8790 8790
119 142 7488 7488
119 142 7487 7487
119 142 8791 8791
119 142 8792 8792
119 142 8793 8793
119 142 8794 8794
119 142 7486 7486
119 142 8795 8795
119 142 7485 7485
119 142 7484 7484
119 142 7483 7483
119 142 7482 7482
119 142 7481 7481
119 142 8796 8796
119 142 7480 7480
119 142 7479 7479
119 142 7478 7478
119 142 8797 8797
119 142 8798 8798
119 142 7477 7477
119 142 7476 7476
119 142 7475 7475
119 142 8799 8799
119 142 8800 8800
119 142 7474 7474
119 142 8801 8801
119 142 8802 8802
119 142 7473 7473
119 142 7472 7472
119 142 7471 7471
119 142 7470 7470
119 142 7469 7469
119 142 8803 8803
119 142 8804 8804
119 142 8805 8805
119 142 8806 8806
119 142 8807 8807
119 142 7468 7468
119 142 8808 8808
119 142 7467 7467
119 142 8809 8809
119 142 7466 7466
119 142 7465 7465
119 142 7464 7464
119 142 8810 8810
119 142 7463 7463
119 142 7462 7462
119 142 8811 8811
119 142 7461 7461
119 142 8812 8812
119 142 7460 7460
143 143 7460 8812
119 143 7459 7459
119 143 8813 8813
119 143 7458 7458
118 118 7458 8813
118 143 8814 8814
118 143 7457 7457
118 143 8815 8815
118 143 8816 8816
118 143 7456 7456
118 143 7455 7455
118 143 8817 8817
118 143 8818 8818
118 143 8819 8819
118 143 7454 7454
118 143 7453 7453
118 143 7452 7452
118 143 7451 7451
118 143 7450 7450
118 143 7449 7449
118 143 8820 8820
118 143 8821 8821
118 143 8822 8822
118 143 8823 8823
118 143 8824 8824
118 143 8825 8825
118 143 7448 7448
118 143 8826 8826
118 143 7447 7447
118 143 8827 8827
118 143 7446 7446
118 143 8828 8828
118 143 8829 8829
118 143 8830 8830
118 143 8831 8831
118 143 8832 8832
118 143 7445 7445
118 143 8833 8833
118 143 8834 8834
118 143 8835 8835
118 143 7444 7444
118 143 8836 8836
118 143 7443 7443
118 143 8837 8837
118 143 7442 7442
118 143 7441 7441
118 143 7440 7440
118 143 7439 7439
118 143 8838 8838
118 143 8839 8839
118 143 8840 8840
118 143 7438 7438
118 143 7437 7437
118 143 8841 8841
117 117 7437 8841
117 143 8842 8842
117 143 8843 8843
117 143 8844 8844
117 143 7436 7436
117 143 8845 8845
117 143 8846 8846
117 143 8847 8847
116 116 7436 8847
116 143 8848 8848
116 143 7435 7435
116 143 8849 8849
116 143 7434 7434
116 143 7433 7433
116 143 8850 8850
116 143 7432 7432
116 143 8851 8851
116 143 7431 7431
116 143 8852 8852
116 143 8853 8853
116 143 7430 7430
116 143 8854 8854
116 143 8855 8855
116 143 7429 7429
116 143 7428 7428
116 143 7427 7427
116 143 8856 8856
116 143 7426 7426
116 143 7425 7425
116 143 7424 7424
116 143 8857 8857
116 143 7423 7423
116 143 7422 7422
116 143 7421 7421
116 143 8858 8858
116 143 8859 8859
116 143 8860 8860
116 143 7420 7420
116 143 8861 8861
116 143 7419 7419
116 143 7418 7418
116 143 7417 7417
116 143 8862 8862
116 143 8863 8863
144 144 7417 8863
116 144 8864 8864
116 144 8865 8865
116 144 7416 7416
116 144 7415 7415
116 144 7414 7414
116 144 7413 7413
116 144 8866 8866
116 144 8867 8867
116 144 7412 7412
116 144 8868 8868
116 144 8869 8869
116 144 8870 8870
116 144 7411 7411
116 144 8871 8871
116 144 7410 7410
116 144 7409 7409
116 144 7408 7408
116 144 7407 7407
116 144 8872 8872
116 144 7406 7406
116 144 8873 8873
116 144 7405 7405
116 144 8874 8874
116 144 7404 7404
116 144 8875 8875
116 144 8876 8876
116 144 8877 8877
116 144 8878 8878
116 144 8879 8879
116 144 8880 8880
116 144 8881 8881
116 144 8882 8882
116 144 7403 7403
116 144 7402 7402
116 144 7401 7401
116 144 8883 8883
116 144 7400 7400
116 144 8884 8884
116 144 8885 8885
116 144 7399 7399
116 144 7398 7398
116 144 8886 8886
116 144 7397 7397
116 144 7396 7396
116 144 8887 8887
116 144 8888 8888
116 144 8889 8889
116 144 7395 7395
116 144 8890 8890
116 144 7394 7394
116 144 7393 7393
116 144 8891 8891
116 144 8892 8892
116 144 8893 8893
116 144 7392 7392
116 144 8894 8894
116 144 8895 8895
116 144 8896 8896
145 145 7392 8896
116 145 8897 8897
116 145 7391 7391
116 145 7390 7390
116 145 8898 8898
116 145 8899 8899
116 145 8900 8900
116 145 8901 8901
116 145 8902 8902
116 145 7389 7389
116 145 8903 8903
116 145 8904 8904
116 145 7388 7388
116 145 8905 8905
116 145 8906 8906
116 145 8907 8907
116 145 8908 8908
116 145 7387 7387
116 145 7386 7386
116 145 7385 7385
116 145 7384 7384
116 145 8909 8909
116 145 8910 8910
115 115 7384 8910
115 145 7383 7383
115 145 8911 8911
115 145 8912 8912
115 145 7382 7382
115 145 8913 8913
115 145 7381 7381
115 145 8914 8914
115 145 8915 8915
115 145 8916 8916
115 145 7380 7380
115 145 8917 8917
115 145 7379 7379
115 145 7378 7378
115 145 7377 7377
115 145 8918 8918
115 145 7376 7376
115 145 7375 7375
115 145 7374 7374
115 145 8919 8919
115 145 8920 8920
115 145 7373 7373
115 145 8921 8921
115 145 8922 8922
115 145 7372 7372
115 145 8923 8923
115 145 8924 8924
115 145 8925 8925
115 145 7371 7371
115 145 7370 7370
115 145 8926 8926
115 145 7369 7369
115 145 7368 7368
115 145 8927 8927
115 145 8928 8928
115 145 8929 8929
115 145 8930 8930
115 145 8931 8931
115 145 7367 7367
115 145 7366 7366
115 145 7365 7365
115 145 7364 7364
115 145 7363 7363
115 145 8932 8932
115 145 7362 7362
115 145 7361 7361
115 145 8933 8933
115 145 7360 7360
115 145 8934 8934
115 145 8935 8935
115 145 7359 7359
115 145 8936 8936
115 145 8937 8937
115 145 7358 7358
115 145 7357 7357
115 145 8938 8938
115 145 8939 8939
115 145 8940 8940
115 145 7356 7356
115 145 8941 8941
115 145 7355 7355
115 145 8942 8942
115 145 7354 7354
115 145 8943 8943
115 145 8944 8944
115 145 7353 7353
115 145 8945 8945
115 145 7352 7352
115 145 7351 7351
115 145 7350 7350
115 145 8946 8946
115 145 8947 8947
115 145 8948 8948
115 145 7349 7349
114 114 7349 8948
114 145 8949 8949
113 113 7349 8949
113 145 8950 8950
113 145 7348 7348
113 145 8951 8951
113 145 7347 7347
113 145 8952 8952
113 145 8953 8953
113 145 7346 7346
113 145 7345 7345
113 145 7344 7344
113 145 7343 7343
113 145 8954 8954
113 145 8955 8955
113 145 7342 7342
113 145 8956 8956
113 145 7341 7341
113 145 7340 7340
113 145 8957 8957
113 145 8958 8958
113 145 7339 7339
113 145 8959 8959
113 145 8960 8960
113 145 7338 7338
113 145 8961 8961
113 145 7337 7337
113 145 7336 7336
113 145 7335 7335
113 145 8962 8962
113 145 7334 7334
113 145 7333 7333
113 145 7332 7332
113 145 8963 8963
113 145 8964 8964
113 145 8965 8965
113 145 8966 8966
113 145 7331 7331
113 145 7330 7330
113 145 8967 8967
113 145 8968 8968
113 145 7329 7329
113 145 8969 8969
113 145 8970 8970
113 145 8971 8971
113 145 8972 8972
113 145 8973 8973
113 145 8974 8974
113 145 8975 8975
113 145 8976 8976
113 145 8977 8977
113 145 7328 7328
113 145 7327 7327
113 145 8978 8978
113 145 8979 8979
113 145 8980 8980
113 145 8981 8981
113 145 7326 7326
113 145 8982 8982
113 145 7325 7325
113 145 8983 8983
113 145 8984 8984
113 145 8985 8985
112 112 7325 8985
112 145 8986 8986
112 145 8987 8987
112 145 8988 8988
112 145 8989 8989
112 145 7324 7324
112 145 7323 7323
112 145 8990 8990
112 145 8991 8991
112 145 8992 8992
112 145 8993 8993
112 145 7322 7322
112 145 7321 7321
112 145 8994 8994
112 145 8995 8995
112 145 7320 7320
112 145 8996 8996
112 145 8997 8997
112 145 8998 8998
112 145 8999 8999
112 145 9000 9000
112 145 7319 7319
112 145 9001 9001
112 145 7318 7318
112 145 9002 9002
112 145 9003 9003
112 145 7317 7317
112 145 7316 7316
112 145 7315 7315
112 145 7314 7314
112 145 9004 9004
112 145 9005 9005
112 145 7313 7313
112 145 9006 9006
112 145 7312 7312
112 145 7311 7311
112 145 7310 7310
112 145 7309 7309
112 145 9007 9007
112 145 7308 7308
112 145 9008 9008
112 145 7307 7307
112 145 9009 9009
112 145 7306 7306
112 145 9010 9010
112 145 7305 7305
112 145 9011 9011
112 145 7304 7304
112 145 7303 7303
112 145 9012 9012
112 145 9013 9013
112 145 7302 7302
112 145 7301 7301
112 145 9014 9014
112 145 9015 9015
112 145 9016 9016
112 145 9017 9017
112 145 7300 7300
112 145 9018 9018
112 145 7299 7299
112 145 7298 7298
112 145 9019 9019
112 145 7297 7297
112 145 9020 9020
112 145 9021 9021
112 145 9022 9022
112 145 7296 7296
112 145 9023 9023
112 145 9024 9024
112 145 9025 9025
112 145 7295 7295
112 145 9026 9026
112 145 9027 9027
112 145 9028 9028
112 145 9029 9029
112 145 9030 9030
112 145 9031 9031
112 145 9032 9032
112 145 7294 7294
112 145 9033 9033
112 145 9034 9034
112 145 7293 7293
112 145 9035 9035
112 145 7292 7292
112 145 9036 9036
112 145 7291 7291
111 111 7291 9036
111 145 7290 7290
111 145 7289 7289
111 145 9037 9037
111 145 9038 9038
111 145 9039 9039
111 145 9040 9040
111 145 9041 9041
111 145 7288 7288
111 145 7287 7287
111 145 9042 9042
111 145 9043 9043
111 145 9044 9044
111 145 7286 7286
111 145 7285 7285
111 145 9045 9045
111 145 7284 7284
111 145 7283 7283
111 145 9046 9046
111 145 7282 7282
111 145 7281 7281
111 145 7280 7280
111 145 9047 9047
111 145 9048 9048
111 145 7279 7279
111 145 7278 7278
111 145 7277 7277
111 145 7276 7276
111 145 9049 9049
111 145 7275 7275
111 145 7274 7274
111 145 7273 7273
111 145 9050 9050
111 145 9051 9051
111 145 7272 7272
111 145 7271 7271
111 145 9052 9052
111 145 7270 7270
111 145 9053 9053
111 145 9054 9054
111 145 9055 9055
111 145 9056 9056
111 145 9057 9057
111 145 9058 9058
111 145 7269 7269
111 145 9059 9059
111 145 7268 7268
111 145 7267 7267
111 145 7266 7266
111 145 7265 7265
111 145 7264 7264
111 145 7263 7263
111 145 9060 9060
111 145 7262 7262
111 145 7261 7261
111 145 7260 7260
111 145 9061 9061
111 145 9062 9062
111 145 7259 7259
111 145 7258 7258
111 145 7257 7257
111 145 9063 9063
111 145 9064 9064
111 145 7256 7256
111 145 9065 9065
111 145 9066 9066
111 145 9067 9067
111 145 7255 7255
111 145 7254 7254
111 145 7253 7253
111 145 7252 7252
111 145 9068 9068
111 145 7251 7251
111 145 9069 9069
111 145 7250 7250
111 145 9070 9070
111 145 9071 9071
111 145 9072 9072
111 145 9073 9073
111 145 7249 7249
111 145 9074 9074
111 145 7248 7248
111 145 9075 9075
111 145 9076 9076
111 145 7247 7247
111 145 7246 7246
111 145 7245 7245
111 145 9077 9077
111 145 9078 9078
111 145 9079 9079
111 145 9080 9080
111 145 7244 7244
111 145 9081 9081
111 145 9082 9082
111 145 9083 9083
111 145 7243 7243
111 145 7242 7242
111 145 9084 9084
111 145 9085 9085
111 145 9086 9086
111 145 9087 9087
111 145 7241 7241
111 145 9088 9088
111 145 7240 7240
111 145 7239 7239
111 145 9089 9089
111 145 7238 7238
111 145 7237 7237
111 145 7236 7236
111 145 7235 7235
111 145 7234 7234
111 145 7233 7233
111 145 7232 7232
111 145 9090 9090
111 145 9091 9091
111 145 9092 9092
111 145 7231 7231
111 145 9093 9093
111 145 9094 9094
111 145 9095 9095
111 145 9096 9096
111 145 7230 7230
111 145 9097 9097
111 145 7229 7229
111 145 7228 7228
111 145 7227 7227
111 145 7226 7226
111 145 9098 9098
111 145 7225 7225
111 145 7224 7224
111 145 7223 7223
111 145 9099 9099
111 145 9100 9100
111 145 7222 7222
111 145 9101 9101
111 145 7221 7221
111 145 9102 9102
111 145 9103 9103
111 145 7220 7220
111 145 9104 9104
111 145 7219 7219
111 145 9105 9105
111 145 9106 9106
111 145 9107 9107
111 145 9108 9108
111 145 9109 9109
111 145 9110 9110
111 145 7218 7218
111 145 9111 9111
111 145 7217 7217
111 145 9112 9112
111 145 7216 7216
111 145 7215 7215
111 145 7214 7214
111 145 7213 7213
111 145 9113 9113
111 145 7212 7212
111 145 7211 7211
111 145 9114 9114
111 145 9115 9115
111 145 7210 7210
111 145 9116 9116
111 145 9117 9117
111 145 9118 9118
111 145 7209 7209
111 145 9119 9119
111 145 9120 9120
111 145 7208 7208
111 145 9121 9121
111 145 9122 9122
111 145 9123 9123
111 145 9124 9124
111 145 7207 7207
111 145 7206 7206
111 145 9125 9125
111 145 9126 9126
111 145 7205 7205
111 145 7204 7204
111 145 7203 7203
111 145 7202 7202
111 145 7201 7201
111 145 7200 7200
111 145 7199 7199
111 145 7198 7198
111 145 9127 9127
111 145 7197 7197
111 145 9128 9128
111 145 9129 9129
111 145 9130 9130
111 145 7196 7196
111 145 7195 7195
111 145 7194 7194
111 145 7193 7193
111 145 9131 9131
111 145 9132 9132
111 145 9133 9133
111 145 7192 7192
111 145 9134 9134
111 145 9135 9135
111 145 7191 7191
111 145 9136 9136
111 145 9137 9137
111 145 9138 9138
111 145 7190 7190
111 145 7189 7189
111 145 9139 9139
111 145 7188 7188
111 145 7187 7187
111 145 7186 7186
111 145 9140 9140
111 145 7185 7185
111 145 7184 7184
111 145 9141 9141
111 145 9142 9142
111 145 9143 9143
111 145 9144 9144
111 145 7183 7183
111 145 9145 9145
111 145 7182 7182
111 145 7181 7181
111 145 7180 7180
111 145 7179 7179
111 145 7178 7178
111 145 9146 9146
111 145 9147 9147
111 145 9148 9148
111 145 7177 7177
111 145 7176 7176
111 145 7175 7175
111 145 9149 9149
111 145 9150 9150
111 145 9151 9151
111 145 7174 7174
111 145 7173 7173
111 145 7172 7172
110 110 7172 9151
110 145 9152 9152
110 145 9153 9153
110 145 7171 7171
146 146 7171 9153
110 146 7170 7170
110 146 7169 7169
110 146 7168 7168
110 146 7167 7167
110 146 9154 9154
110 146 9155 9155
110 146 7166 7166
110 146 7165 7165
110 146 9156 9156
110 146 7164 7164
110 146 7163 7163
110 146 7162 7162
110 146 7161 7161
110 146 7160 7160
110 146 7159 7159
110 146 7158 7158
110 146 9157 9157
109 109 7158 9157
109 146 7157 7157
109 146 9158 9158
109 146 9159 9159
109 146 7156 7156
109 146 7155 7155
109 146 7154 7154
109 146 9160 9160
109 146 9161 9161
109 146 9162 9162
109 146 9163 9163
109 146 9164 9164
109 146 7153 7153
109 146 7152 7152
109 146 7151 7151
109 146 9165 9165
109 146 9166 9166
109 146 9167 9167
109 146 7150 7150
109 146 7149 7149
109 146 9168 9168
109 146 9169 9169
109 146 9170 9170
109 146 9171 9171
109 146 9172 9172
109 146 9173 9173
109 146 7148 7148
109 146 9174 9174
109 146 9175 9175
109 146 9176 9176
109 146 9177 9177
109 146 7147 7147
109 146 9178 9178
109 146 9179 9179
109 146 7146 7146
109 146 9180 9180
109 146 9181 9181
109 146 7145 7145
109 146 7144 7144
109 146 9182 9182
109 146 9183 9183
109 146 9184 9184
109 146 9185 9185
109 146 7143 7143
109 146 7142 7142
109 146 7141 7141
147 147 7141 9185
109 147 7140 7140
109 147 9186 9186
109 147 7139 7139
109 147 9187 9187
109 147 9188 9188
109 147 7138 7138
109 147 9189 9189
109 147 7137 7137
109 147 9190 9190
109 147 7136 7136
109 147 7135 7135
108 108 7135 9190
108 147 7134 7134
108 147 9191 9191
108 147 7133 7133
108 147 7132 7132
108 147 9192 9192
108 147 9193 9193
108 147 9194 9194
108 147 9195 9195
108 147 7131 7131
108 147 9196 9196
108 147 9197 9197
108 147 9198 9198
108 147 9199 9199
108 147 7130 7130
108 147 9200 9200
108 147 9201 9201
108 147 7129 7129
108 147 7128 7128
108 147 9202 9202
108 147 9203 9203
108 147 9204 9204
108 147 9205 9205
108 147 9206 9206
108 147 9207 9207
108 147 9208 9208
108 147 9209 9209
108 147 7127 7127
108 147 9210 9210
108 147 7126 7126
108 147 9211 9211
108 147 9212 9212
108 147 9213 9213
108 147 9214 9214
108 147 9215 9215
108 147 9216 9216
108 147 9217 9217
108 147 7125 7125
108 147 7124 7124
108 147 7123 7123
108 147 9218 9218
108 147 9219 9219
108 147 7122 7122
108 147 9220 9220
108 147 9221 9221
108 147 9222 9222
108 147 7121 7121
108 147 7120 7120
108 147 7119 7119
108 147 7118 7118
108 147 9223 9223
108 147 9224 9224
108 147 7117 7117
108 147 7116 7116
108 147 7115 7115
108 147 7114 7114
108 147 7113 7113
108 147 7112 7112
108 147 9225 9225
108 147 7111 7111
108 147 7110 7110
108 147 7109 7109
108 147 7108 7108
108 147 7107 7107
108 147 9226 9226
108 147 9227 9227
108 147 7106 7106
108 147 7105 7105
108 147 7104 7104
108 147 9228 9228
108 147 9229 9229
108 147 7103 7103
108 147 7102 7102
108 147 9230 9230
108 147 9231 9231
108 147 7101 7101
108 147 7100 7100
108 147 7099 7099
108 147 7098 7098
108 147 7097 7097
108 147 7096 7096
108 147 7095 7095
108 147 7094 7094
108 147 7093 7093
108 147 9232 9232
108 147 9233 9233
108 147 9234 9234
108 147 9235 9235
108 147 9236 9236
108 147 7092 7092
108 147 7091 7091
108 147 9237 9237
108 147 9238 9238
108 147 7090 7090
108 147 9239 9239
108 147 7089 7089
108 147 7088 7088
108 147 7087 7087
108 147 7086 7086
108 147 7085 7085
108 147 9240 9240
108 147 7084 7084
108 147 9241 9241
108 147 9242 9242
108 147 9243 9243
108 147 7083 7083
108 147 7082 7082
108 147 9244 9244
108 147 7081 7081
108 147 7080 7080
108 147 7079 7079
108 147 7078 7078
108 147 9245 9245
108 147 7077 7077
108 147 9246 9246
108 147 9247 9247
108 147 9248 9248
108 147 7076 7076
108 147 9249 9249
108 147 9250 9250
108 147 9251 9251
108 147 9252 9252
108 147 9253 9253
108 147 7075 7075
108 147 7074 7074
108 147 7073 7073
108 147 7072 7072
108 147 9254 9254
108 147 9255 9255
108 147 7071 7071
108 147 9256 9256
108 147 7070 7070
108 147 9257 9257
108 147 7069 7069
108 147 7068 7068
108 147 9258 9258
108 147 9259 9259
108 147 7067 7067
108 147 9260 9260
108 147 9261 9261
108 147 7066 7066
108 147 9262 9262
108 147 9263 9263
108 147 9264 9264
108 147 9265 9265
108 147 9266 9266
108 147 9267 9267
108 147 7065 7065
108 147 9268 9268
108 147 7064 7064
108 147 7063 7063
108 147 7062 7062
108 147 9269 9269
108 147 9270 9270
108 147 7061 7061
108 147 9271 9271
108 147 9272 9272
108 147 9273 9273
108 147 9274 9274
108 147 9275 9275
108 147 7060 7060
108 147 9276 9276
108 147 7059 7059
108 147 9277 9277
108 147 7058 7058
108 147 9278 9278
108 147 7057 7057
108 147 7056 7056
108 147 7055 7055
108 147 7054 7054
108 147 9279 9279
108 147 7053 7053
108 147 9280 9280
108 147 7052 7052
108 147 9281 9281
108 147 7051 7051
108 147 9282 9282
108 147 9283 9283
108 147 9284 9284
108 147 7050 7050
108 147 7049 7049
108 147 9285 9285
108 147 7048 7048
108 147 9286 9286
108 147 9287 9287
108 147 9288 9288
108 147 9289 9289
108 147 7047 7047
108 147 9290 9290
108 147 9291 9291
108 147 7046 7046
108 147 9292 9292
108 147 7045 7045
108 147 7044 7044
108 147 9293 9293
108 147 7043 7043
108 147 9294 9294
108 147 9295 9295
108 147 7042 7042
108 147 9296 9296
108 147 7041 7041
108 147 9297 9297
108 147 9298 9298
108 147 7040 7040
108 147 7039 7039
108 147 9299 9299
108 147 7038 7038
108 147 9300 9300
108 147 7037 7037
108 147 9301 9301
108 147 9302 9302
108 147 7036 7036
108 147 7035 7035
108 147 7034 7034
108 147 7033 7033
108 147 9303 9303
108 147 7032 7032
108 147 7031 7031
148 148 7031 9303
108 148 7030 7030
108 148 9304 9304
108 148 9305 9305
108 148 9306 9306
108 148 7029 7029
108 148 7028 7028
108 148 9307 9307
108 148 7027 7027
108 148 9308 9308
108 148 7026 7026
108 148 9309 9309
108 148 9310 9310
108 148 7025 7025
108 148 7024 7024
108 148 7023 7023
108 148 9311 9311
108 148 7022 7022
108 148 9312 9312
108 148 7021 7021
108 148 9313 9313
108 148 9314 9314
108 148 9315 9315
108 148 7020 7020
108 148 9316 9316
108 148 7019 7019
108 148 9317 9317
108 148 7018 7018
108 148 7017 7017
108 148 7016 7016
108 148 7015 7015
108 148 9318 9318
108 148 9319 9319
108 148 9320 9320
108 148 7014 7014
108 148 9321 9321
108 148 7013 7013
108 148 9322 9322
108 148 7012 7012
108 148 7011 7011
108 148 7010 7010
108 148 9323 9323
108 148 7009 7009
108 148 7008 7008
108 148 9324 9324
108 148 9325 9325
108 148 7007 7007
108 148 9326 9326
108 148 9327 9327
108 148 9328 9328
108 148 9329 9329
108 148 9330 9330
108 148 7006 7006
108 148 9331 9331
108 148 9332 9332
108 148 9333 9333
108 148 7005 7005
108 148 7004 7004
108 148 9334 9334
108 148 7003 7003
108 148 7002 7002
108 148 9335 9335
108 148 9336 9336
108 148 9337 9337
108 148 9338 9338
108 148 9339 9339
108 148 9340 9340
108 148 7001 7001
108 148 7000 7000
108 148 6999 6999
108 148 6998 6998
108 148 6997 6997
108 148 6996 6996
108 148 9341 9341
108 148 6995 6995
108 148 6994 6994
108 148 6993 6993
108 148 9342 9342
108 148 6992 6992
108 148 6991 6991
108 148 6990 6990
108 148 9343 9343
108 148 6989 6989
108 148 6988 6988
108 148 9344 9344
108 148 9345 9345
108 148 9346 9346
108 148 6987 6987
108 148 6986 6986
108 148 9347 9347
108 148 6985 6985
108 148 9348 9348
108 148 6984 6984
108 148 9349 9349
108 148 6983 6983
108 148 6982 6982
108 148 6981 6981
108 148 9350 9350
108 148 9351 9351
108 148 9352 9352
108 148 6980 6980
108 148 6979 6979
108 148 6978 6978
108 148 6977 6977
108 148 6976 6976
108 148 6975 6975
108 148 9353 9353
108 148 6974 6974
108 148 9354 9354
108 148 9355 9355
108 148 9356 9356
108 148 6973 6973
108 148 9357 9357
108 148 9358 9358
108 148 9359 9359
108 148 6972 6972
108 148 9360 9360
108 148 9361 9361
108 148 6971 6971
108 148 9362 9362
108 148 6970 6970
108 148 9363 9363
108 148 9364 9364
108 148 9365 9365
108 148 9366 9366
108 148 6969 6969
108 148 6968 6968
108 148 6967 6967
108 148 9367 9367
108 148 9368 9368
108 148 9369 9369
108 148 6966 6966
108 148 6965 6965
108 148 9370 9370
108 148 9371 9371
108 148 6964 6964
108 148 9372 9372
108 148 9373 9373
108 148 6963 6963
108 148 9374 9374
108 148 6962 6962
108 148 9375 9375
108 148 9376 9376
108 148 9377 9377
108 148 6961 6961
108 148 9378 9378
108 148 6960 6960
108 148 6959 6959
108 148 9379 9379
108 148 6958 6958
108 148 6957 6957
108 148 6956 6956
108 148 6955 6955
107 107 6955 9379
107 148 6954 6954
107 148 9380 9380
107 148 9381 9381
107 148 9382 9382
107 148 9383 9383
107 148 9384 9384
107 148 6953 6953
107 148 9385 9385
107 148 9386 9386
107 148 6952 6952
106 106 6952 9386
106 148 6951 6951
106 148 6950 6950
106 148 6949 6949
106 148 9387 9387
106 148 9388 9388
106 148 9389 9389
106 148 6948 6948
106 148 9390 9390
106 148 9391 9391
106 148 6947 6947
106 148 9392 9392
106 148 6946 6946
106 148 6945 6945
106 148 9393 9393
106 148 6944 6944
106 148 6943 6943
106 148 9394 9394
106 148 6942 6942
106 148 9395 9395
106 148 9396 9396
106 148 6941 6941
106 148 9397 9397
106 148 9398 9398
106 148 6940 6940
106 148 6939 6939
106 148 6938 6938
106 148 6937 6937
106 148 6936 6936
106 148 6935 6935
106 148 9399 9399
106 148 6934 6934
106 148 9400 9400
106 148 9401 9401
106 148 9402 9402
106 148 9403 9403
106 148 9404 9404
106 148 9405 9405
106 148 6933 6933
106 148 6932 6932
106 148 6931 6931
106 148 9406 9406
106 148 9407 9407
106 148 6930 6930
106 148 9408 9408
106 148 6929 6929
106 148 9409 9409
106 148 6928 6928
106 148 6927 6927
106 148 6926 6926
106 148 9410 9410
106 148 9411 9411
106 148 6925 6925
106 148 6924 6924
106 148 9412 9412
106 148 9413 9413
106 148 6923 6923
106 148 9414 9414
106 148 9415 9415
106 148 9416 9416
106 148 9417 9417
106 148 9418 9418
106 148 9419 9419
106 148 9420 9420
106 148 6922 6922
106 148 9421 9421
106 148 6921 6921
106 148 9422 9422
106 148 9423 9423
106 148 6920 6920
106 148 6919 6919
106 148 9424 9424
106 148 9425 9425
106 148 6918 6918
106 148 6917 6917
106 148 6916 6916
106 148 6915 6915
106 148 9426 9426
106 148 6914 6914
106 148 6913 6913
106 148 9427 9427
106 148 6912 6912
106 148 9428 9428
106 148 9429 9429
106 148 9430 9430
106 148 6911 6911
106 148 9431 9431
106 148 9432 9432
106 148 9433 9433
106 148 6910 6910
106 148 6909 6909
106 148 6908 6908
106 148 9434 9434
106 148 6907 6907
106 148 9435 9435
106 148 6906 6906
106 148 6905 6905
106 148 6904 6904
106 148 9436 9436
106 148 9437 9437
106 148 9438 9438
106 148 6903 6903
106 148 9439 9439
106 148 9440 9440
106 148 9441 9441
106 148 6902 6902
106 148 9442 9442
106 148 6901 6901
106 148 9443 9443
106 148 6900 6900
106 148 6899 6899
106 148 9444 9444
105 105 6899 9444
105 148 9445 9445
105 148 6898 6898
105 148 9446 9446
105 148 6897 6897
105 148 9447 9447
105 148 6896 6896
105 148 6895 6895
105 148 6894 6894
105 148 6893 6893
105 148 9448 9448
105 148 6892 6892
105 148 6891 6891
105 148 6890 6890
105 148 9449 9449
105 148 9450 9450
105 148 6889 6889
105 148 9451 9451
105 148 9452 9452
105 148 6888 6888
105 148 6887 6887
105 148 6886 6886
105 148 9453 9453
105 148 6885 6885
105 148 9454 9454
105 148 6884 6884
105 148 9455 9455
105 148 9456 9456
105 148 9457 9457
105 148 6883 6883
105 148 6882 6882
105 148 6881 6881
105 148 6880 6880
105 148 6879 6879
105 148 6878 6878
105 148 6877 6877
105 148 9458 9458
105 148 9459 9459
105 148 9460 9460
105 148 9461 9461
104 104 6877 9461
104 148 6876 6876
104 148 6875 6875
104 148 6874 6874
104 148 9462 9462
104 148 9463 9463
104 148 6873 6873
104 148 6872 6872
104 148 9464 9464
104 148 9465 9465
104 148 6871 6871
104 148 6870 6870
104 148 6869 6869
104 148 6868 6868
104 148 6867 6867
103 103 6867 9465
103 148 6866 6866
103 148 6865 6865
103 148 9466 9466
103 148 9467 9467
103 148 6864 6864
103 148 9468 9468
103 148 6863 6863
103 148 6862 6862
103 148 9469 9469
103 148 6861 6861
103 148 6860 6860
103 148 9470 9470
103 148 6859 6859
103 148 9471 9471
103 148 9472 9472
103 148 9473 9473
103 148 9474 9474
103 148 9475 9475
103 148 9476 9476
103 148 6858 6858
103 148 6857 6857
103 148 6856 6856
103 148 9477 9477
103 148 6855 6855
103 148 9478 9478
103 148 6854 6854
103 148 9479 9479
103 148 9480 9480
103 148 9481 9481
103 148 6853 6853
103 148 6852 6852
103 148 9482 9482
103 148 9483 9483
103 148 6851 6851
103 148 9484 9484
103 148 6850 6850
103 148 6849 6849
103 148 9485 9485
103 148 9486 9486
103 148 9487 9487
103 148 6848 6848
103 148 6847 6847
103 148 6846 6846
103 148 6845 6845
103 148 9488 9488
103 148 9489 9489
103 148 6844 6844
103 148 6843 6843
103 148 6842 6842
103 148 9490 9490
103 148 9491 9491
103 148 6841 6841
103 148 6840 6840
103 148 6839 6839
103 148 6838 6838
103 148 6837 6837
103 148 6836 6836
103 148 6835 6835
103 148 6834 6834
103 148 9492 9492
103 148 9493 9493
103 148 9494 9494
103 148 9495 9495
103 148 6833 6833
103 148 6832 6832
103 148 6831 6831
103 148 6830 6830
103 148 6829 6829
103 148 9496 9496
103 148 6828 6828
103 148 6827 6827
103 148 6826 6826
103 148 6825 6825
103 148 9497 9497
103 148 6824 6824
103 148 9498 9498
103 148 9499 9499
103 148 6823 6823
103 148 9500 9500
103 148 9501 9501
103 148 6822 6822
103 148 9502 9502
103 148 6821 6821
103 148 9503 9503
103 148 6820 6820
103 148 6819 6819
103 148 6818 6818
103 148 6817 6817
103 148 9504 9504
103 148 6816 6816
103 148 6815 6815
103 148 6814 6814
103 148 6813 6813
103 148 6812 6812
103 148 9505 9505
103 148 9506 9506
103 148 9507 9507
103 148 6811 6811
103 148 6810 6810
103 148 6809 6809
103 148 9508 9508
103 148 6808 6808
103 148 6807 6807
103 148 6806 6806
103 148 6805 6805
103 148 6804 6804
103 148 6803 6803
103 148 6802 6802
103 148 9509 9509
103 148 6801 6801
103 148 6800 6800
103 148 9510 9510
103 148 6799 6799
103 148 6798 6798
103 148 6797 6797
103 148 9511 9511
103 148 6796 6796
103 148 6795 6795
103 148 6794 6794
103 148 6793 6793
103 148 9512 9512
103 148 6792 6792
103 148 9513 9513
103 148 6791 6791
103 148 9514 9514
103 148 6790 6790
103 148 6789 6789
103 148 6788 6788
103 148 9515 9515
103 148 6787 6787
103 148 9516 9516
103 148 9517 9517
103 148 6786 6786
103 148 6785 6785
103 148 9518 9518
103 148 9519 9519
103 148 6784 6784
103 148 6783 6783
103 148 6782 6782
103 148 6781 6781
103 148 6780 6780
103 148 6779 6779
103 148 9520 9520
103 148 9521 9521
103 148 6778 6778
103 148 9522 9522
103 148 9523 9523
103 148 6777 6777
103 148 9524 9524
103 148 6776 6776
103 148 9525 9525
103 148 6775 6775
102 102 6775 9525
102 148 9526 9526
102 148 6774 6774
102 148 6773 6773
102 148 6772 6772
102 148 6771 6771
102 148 9527 9527
102 148 9528 9528
102 148 6770 6770
102 148 9529 9529
102 148 6769 6769
102 148 9530 9530
102 148 9531 9531
102 148 9532 9532
102 148 9533 9533
102 148 9534 9534
102 148 9535 9535
102 148 9536 9536
102 148 9537 9537
102 148 9538 9538
102 148 6768 6768
102 148 6767 6767
102 148 6766 6766
101 101 6766 9538
101 148 6765 6765
101 148 6764 6764
101 148 9539 9539
101 148 6763 6763
101 148 9540 9540
101 148 6762 6762
101 148 9541 9541
101 148 9542 9542
101 148 9543 9543
101 148 6761 6761
101 148 6760 6760
101 148 9544 9544
101 148 9545 9545
101 148 9546 9546
101 148 9547 9547
101 148 9548 9548
101 148 9549 9549
101 148 6759 6759
101 148 6758 6758
101 148 6757 6757
101 148 6756 6756
101 148 6755 6755
101 148 6754 6754
101 148 9550 9550
101 148 6753 6753
101 148 6752 6752
101 148 9551 9551
101 148 9552 9552
101 148 9553 9553
101 148 9554 9554
101 148 9555 9555
101 148 9556 9556
101 148 9557 9557
101 148 6751 6751
101 148 6750 6750
101 148 9558 9558
101 148 6749 6749
101 148 9559 9559
101 148 6748 6748
101 148 9560 9560
101 148 9561 9561
101 148 9562 9562
101 148 9563 9563
101 148 6747 6747
101 148 9564 9564
101 148 9565 9565
101 148 6746 6746
101 148 6745 6745
101 148 6744 6744
101 148 9566 9566
101 148 6743 6743
101 148 6742 6742
101 148 6741 6741
101 148 9567 9567
101 148 6740 6740
101 148 9568 9568
101 148 6739 6739
101 148 6738 6738
101 148 9569 9569
101 148 6737 6737
101 148 9570 9570
101 148 9571 9571
101 148 6736 6736
101 148 6735 6735
149 149 6735 9571
101 149 9572 9572
101 149 6734 6734
101 149 6733 6733
101 149 9573 9573
101 149 6732 6732
101 149 9574 9574
101 149 9575 9575
101 149 9576 9576
101 149 6731 6731
101 149 9577 9577
101 149 6730 6730
101 149 6729 6729
101 149 6728 6728
101 149 6727 6727
101 149 6726 6726
101 149 9578 9578
101 149 9579 9579
101 149 9580 9580
101 149 9581 9581
101 149 9582 9582
101 149 6725 6725
101 149 6724 6724
101 149 9583 9583
101 149 9584 9584
101 149 6723 6723
101 149 6722 6722
101 149 6721 6721
101 149 6720 6720
101 149 9585 9585
101 149 6719 6719
101 149 6718 6718
101 149 6717 6717
101 149 6716 6716
101 149 6715 6715
101 149 6714 6714
101 149 9586 9586
101 149 6713 6713
101 149 9587 9587
101 149 6712 6712
101 149 6711 6711
101 149 6710 6710
101 149 6709 6709
101 149 6708 6708
101 149 9588 9588
101 149 9589 9589
101 149 9590 9590
101 149 9591 9591
101 149 9592 9592
101 149 6707 6707
101 149 9593 9593
101 149 6706 6706
101 149 6705 6705
101 149 6704 6704
101 149 9594 9594
101 149 6703 6703
101 149 9595 9595
101 149 6702 6702
101 149 6701 6701
101 149 9596 9596
101 149 9597 9597
101 149 9598 9598
101 149 9599 9599
101 149 6700 6700
101 149 9600 9600
101 149 6699 6699
101 149 6698 6698
101 149 9601 9601
101 149 6697 6697
101 149 9602 9602
101 149 6696 6696
101 149 9603 9603
101 149 9604 9604
101 149 6695 6695
101 149 6694 6694
101 149 9605 9605
101 149 9606 9606
101 149 6693 6693
101 149 6692 6692
101 149 6691 6691
101 149 6690 6690
101 149 9607 9607
101 149 9608 9608
101 149 6689 6689
101 149 9609 9609
101 149 6688 6688
101 149 6687 6687
101 149 6686 6686
101 149 6685 6685
101 149 6684 6684
101 149 9610 9610
101 149 6683 6683
101 149 6682 6682
101 149 6681 6681
101 149 9611 9611
101 149 9612 9612
101 149 6680 6680
101 149 9613 9613
101 149 6679 6679
101 149 9614 9614
101 149 6678 6678
101 149 6677 6677
101 149 9615 9615
100 100 6677 9615
100 149 6676 6676
100 149 9616 9616
100 149 6675 6675
100 149 6674 6674
100 149 9617 9617
100 149 6673 6673
100 149 9618 9618
100 149 6672 6672
100 149 6671 6671
100 149 6670 6670
100 149 9619 9619
100 149 6669 6669
100 149 6668 6668
100 149 6667 6667
100 149 6666 6666
100 149 9620 9620
100 149 9621 9621
100 149 9622 9622
100 149 6665 6665
100 149 9623 9623
100 149 6664 6664
100 149 6663 6663
100 149 6662 6662
100 149 9624 9624
100 149 9625 9625
100 149 9626 9626
100 149 9627 9627
150 150 6662 9627
100 150 6661 6661
99 99 6661 9627
99 150 6660 6660
99 150 9628 9628
99 150 6659 6659
99 150 6658 6658
99 150 9629 9629
99 150 6657 6657
151 151 6657 9629
99 151 9630 9630
99 151 6656 6656
99 151 6655 6655
99 151 6654 6654
99 151 6653 6653
99 151 6652 6652
99 151 9631 9631
99 151 9632 9632
99 151 9633 9633
99 151 9634 9634
99 151 6651 6651
99 151 9635 9635
99 151 9636 9636
99 151 6650 6650
99 151 6649 6649
99 151 6648 6648
99 151 6647 6647
98 98 6647 9636
98 151 9637 9637
98 151 9638 9638
98 151 6646 6646
98 151 6645 6645
98 151 9639 9639
98 151 6644 6644
98 151 9640 9640
98 151 6643 6643
98 151 6642 6642
98 151 9641 9641
98 151 9642 9642
98 151 6641 6641
98 151 6640 6640
98 151 9643 9643
98 151 9644 9644
98 151 6639 6639
98 151 6638 6638
98 151 6637 6637
98 151 6636 6636
98 151 9645 9645
98 151 6635 6635
98 151 9646 9646
98 151 6634 6634
98 151 6633 6633
98 151 6632 6632
98 151 6631 6631
98 151 6630 6630
98 151 6629 6629
98 151 6628 6628
98 151 9647 9647
98 151 9648 9648
98 151 9649 9649
98 151 9650 9650
98 151 9651 9651
98 151 9652 9652
98 151 6627 6627
98 151 6626 6626
98 151 9653 9653
98 151 6625 6625
98 151 9654 9654
98 151 6624 6624
98 151 9655 9655
98 151 6623 6623
98 151 6622 6622
98 151 6621 6621
98 151 6620 6620
98 151 6619 6619
98 151 9656 9656
98 151 6618 6618
98 151 9657 9657
98 151 9658 9658
98 151 9659 9659
98 151 9660 9660
98 151 9661 9661
98 151 9662 9662
98 151 6617 6617
98 151 9663 9663
98 151 9664 9664
98 151 6616 6616
98 151 6615 6615
98 151 9665 9665
98 151 9666 9666
98 151 6614 6614
98 151 9667 9667
98 151 6613 6613
98 151 6612 6612
98 151 6611 6611
98 151 6610 6610
98 151 6609 6609
98 151 9668 9668
98 151 9669 9669
98 151 9670 9670
98 151 9671 9671
98 151 9672 9672
98 151 6608 6608
98 151 6607 6607
98 151 9673 9673
98 151 6606 6606
98 151 9674 9674
98 151 9675 9675
98 151 9676 9676
98 151 6605 6605
98 151 9677 9677
98 151 6604 6604
98 151 9678 9678
98 151 9679 9679
98 151 9680 9680
98 151 6603 6603
98 151 6602 6602
98 151 6601 6601
98 151 6600 6600
98 151 9681 9681
98 151 9682 9682
98 151 6599 6599
98 151 6598 6598
98 151 6597 6597
98 151 9683 9683
98 151 9684 9684
98 151 9685 9685
98 151 6596 6596
98 151 9686 9686
98 151 6595 6595
98 151 9687 9687
98 151 6594 6594
98 151 6593 6593
98 151 6592 6592
98 151 6591 6591
98 151 6590 6590
98 151 9688 9688
98 151 9689 9689
98 151 6589 6589
98 151 9690 9690
98 151 9691 9691
98 151 9692 9692
98 151 6588 6588
98 151 9693 9693
98 151 6587 6587
98 151 9694 9694
98 151 9695 9695
98 151 6586 6586
98 151 6585 6585
98 151 9696 9696
98 151 9697 9697
152 152 6585 9697
98 152 6584 6584
98 152 6583 6583
98 152 6582 6582
98 152 9698 9698
98 152 6581 6581
98 152 9699 9699
98 152 6580 6580
98 152 6579 6579
98 152 9700 9700
98 152 9701 9701
98 152 9702 9702
98 152 6578 6578
98 152 6577 6577
98 152 6576 6576
98 152 9703 9703
98 152 6575 6575
98 152 9704 9704
98 152 6574 6574
98 152 9705 9705
98 152 6573 6573
98 152 9706 9706
98 152 6572 6572
98 152 9707 9707
98 152 6571 6571
98 152 6570 6570
98 152 9708 9708
98 152 9709 9709
98 152 9710 9710
98 152 9711 9711
98 152 9712 9712
98 152 9713 9713
98 152 9714 9714
98 152 9715 9715
98 152 9716 9716
98 152 6569 6569
98 152 6568 6568
98 152 6567 6567
98 152 9717 9717
98 152 6566 6566
98 152 6565 6565
98 152 9718 9718
98 152 9719 9719
98 152 6564 6564
98 152 9720 9720
98 152 6563 6563
98 152 9721 9721
98 152 6562 6562
98 152 6561 6561
98 152 6560 6560
98 152 9722 9722
98 152 9723 9723
98 152 9724 9724
98 152 6559 6559
98 152 9725 9725
98 152 6558 6558
98 152 9726 9726
98 152 6557 6557
98 152 9727 9727
98 152 6556 6556
98 152 6555 6555
98 152 9728 9728
98 152 9729 9729
98 152 9730 9730
98 152 6554 6554
98 152 6553 6553
98 152 9731 9731
98 152 9732 9732
98 152 9733 9733
98 152 6552 6552
98 152 9734 9734
98 152 6551 6551
98 152 9735 9735
98 152 6550 6550
98 152 9736 9736
98 152 9737 9737
98 152 6549 6549
98 152 6548 6548
98 152 9738 9738
98 152 9739 9739
98 152 9740 9740
98 152 6547 6547
153 153 6547 9740
98 153 6546 6546
98 153 9741 9741
98 153 6545 6545
98 153 6544 6544
98 153 6543 6543
98 153 9742 9742
98 153 6542 6542
98 153 9743 9743
98 153 6541 6541
98 153 6540 6540
98 153 6539 6539
98 153 6538 6538
98 153 6537 6537
98 153 9744 9744
98 153 9745 9745
98 153 6536 6536
154 154 6536 9745
98 154 9746 9746
98 154 9747 9747
98 154 9748 9748
98 154 6535 6535
98 154 9749 9749
98 154 9750 9750
98 154 9751 9751
98 154 9752 9752
98 154 9753 9753
98 154 9754 9754
98 154 9755 9755
98 154 6534 6534
98 154 9756 9756
98 154 9757 9757
98 154 6533 6533
98 154 9758 9758
98 154 9759 9759
98 154 9760 9760
98 154 6532 6532
98 154 6531 6531
98 154 6530 6530
98 154 9761 9761
98 154 9762 9762
98 154 6529 6529
98 154 9763 9763
98 154 9764 9764
98 154 6528 6528
98 154 6527 6527
98 154 9765 9765
98 154 9766 9766
98 154 6526 6526
97 97 6526 9766
97 154 6525 6525
97 154 9767 9767
97 154 9768 9768
97 154 9769 9769
97 154 9770 9770
97 154 9771 9771
97 154 6524 6524
97 154 9772 9772
97 154 9773 9773
97 154 9774 9774
97 154 9775 9775
97 154 9776 9776
97 154 9777 9777
97 154 9778 9778
97 154 6523 6523
97 154 9779 9779
97 154 6522 6522
97 154 9780 9780
97 154 6521 6521
97 154 9781 9781
97 154 6520 6520
97 154 6519 6519
97 154 6518 6518
97 154 9782 9782
97 154 6517 6517
97 154 6516 6516
97 154 6515 6515
97 154 9783 9783
97 154 6514 6514
97 154 9784 9784
97 154 6513 6513
97 154 6512 6512
97 154 9785 9785
97 154 6511 6511
97 154 9786 9786
97 154 6510 6510
97 154 9787 9787
97 154 9788 9788
97 154 9789 9789
97 154 6509 6509
97 154 9790 9790
97 154 6508 6508
97 154 6507 6507
97 154 9791 9791
97 154 9792 9792
97 154 9793 9793
97 154 9794 9794
97 154 9795 9795
97 154 9796 9796
97 154 9797 9797
97 154 9798 9798
97 154 9799 9799
97 154 6506 6506
97 154 9800 9800
97 154 9801 9801
97 154 9802 9802
97 154 6505 6505
97 154 9803 9803
97 154 9804 9804
97 154 9805 9805
97 154 9806 9806
97 154 6504 6504
97 154 9807 9807
97 154 6503 6503
97 154 9808 9808
97 154 9809 9809
97 154 6502 6502
97 154 6501 6501
97 154 9810 9810
97 154 6500 6500
97 154 9811 9811
97 154 6499 6499
97 154 6498 6498
97 154 6497 6497
97 154 6496 6496
97 154 6495 6495
97 154 9812 9812
97 154 6494 6494
97 154 6493 6493
97 154 6492 6492
97 154 6491 6491
97 154 9813 9813
97 154 6490 6490
97 154 6489 6489
97 154 9814 9814
97 154 9815 9815
97 154 9816 9816
97 154 9817 9817
97 154 6488 6488
97 154 9818 9818
97 154 9819 9819
97 154 9820 9820
97 154 9821 9821
97 154 9822 9822
97 154 6487 6487
97 154 6486 6486
97 154 6485 6485
97 154 6484 6484
97 154 6483 6483
97 154 9823 9823
97 154 9824 9824
97 154 9825 9825
155 155 6483 9825
97 155 9826 9826
97 155 6482 6482
97 155 6481 6481
97 155 9827 9827
97 155 9828 9828
97 155 6480 6480
97 155 9829 9829
97 155 6479 6479
97 155 9830 9830
97 155 9831 9831
97 155 6478 6478
97 155 6477 6477
97 155 9832 9832
97 155 9833 9833
97 155 6476 6476
97 155 9834 9834
97 155 6475 6475
97 155 6474 6474
97 155 9835 9835
97 155 9836 9836
97 155 6473 6473
97 155 9837 9837
97 155 6472 6472
97 155 9838 9838
97 155 9839 9839
97 155 9840 9840
97 155 6471 6471
97 155 6470 6470
97 155 6469 6469
97 155 6468 6468
97 155 9841 9841
97 155 6467 6467
97 155 9842 9842
97 155 6466 6466
97 155 9843 9843
97 155 6465 6465
97 155 9844 9844
97 155 9845 9845
97 155 6464 6464
97 155 6463 6463
97 155 9846 9846
97 155 9847 9847
96 96 6463 9847
96 155 6462 6462
96 155 9848 9848
96 155 9849 9849
96 155 9850 9850
96 155 9851 9851
96 155 6461 6461
96 155 6460 6460
96 155 6459 6459
96 155 9852 9852
96 155 6458 6458
96 155 6457 6457
96 155 9853 9853
96 155 6456 6456
96 155 6455 6455
96 155 6454 6454
96 155 9854 9854
96 155 6453 6453
96 155 9855 9855
96 155 9856 9856
96 155 9857 9857
96 155 9858 9858
96 155 9859 9859
96 155 6452 6452
96 155 9860 9860
96 155 6451 6451
96 155 9861 9861
96 155 6450 6450
96 155 6449 6449
156 156 6449 9861
96 156 6448 6448
96 156 6447 6447
96 156 6446 6446
96 156 9862 9862
96 156 9863 9863
96 156 6445 6445
96 156 6444 6444
96 156 6443 6443
95 95 6443 9863
95 156 6442 6442
95 156 9864 9864
95 156 9865 9865
95 156 9866 9866
95 156 9867 9867
95 156 9868 9868
95 156 9869 9869
95 156 6441 6441
95 156 9870 9870
95 156 6440 6440
95 156 9871 9871
95 156 6439 6439
95 156 9872 9872
95 156 9873 9873
95 156 9874 9874
95 156 9875 9875
95 156 9876 9876
95 156 6438 6438
95 156 6437 6437
95 156 6436 6436
95 156 9877 9877
95 156 9878 9878
95 156 9879 9879
95 156 9880 9880
95 156 6435 6435
95 156 9881 9881
95 156 6434 6434
95 156 9882 9882
95 156 6433 6433
95 156 6432 6432
95 156 9883 9883
95 156 9884 9884
95 156 9885 9885
95 156 9886 9886
95 156 6431 6431
95 156 9887 9887
95 156 9888 9888
95 156 6430 6430
95 156 9889 9889
95 156 9890 9890
95 156 9891 9891
95 156 9892 9892
95 156 9893 9893
95 156 9894 9894
94 94 6430 9894
94 156 6429 6429
94 156 6428 6428
94 156 9895 9895
94 156 6427 6427
94 156 9896 9896
94 156 6426 6426
94 156 9897 9897
94 156 6425 6425
94 156 9898 9898
94 156 9899 9899
94 156 6424 6424
94 156 9900 9900
94 156 6423 6423
94 156 9901 9901
94 156 9902 9902
94 156 9903 9903
94 156 9904 9904
94 156 9905 9905
94 156 6422 6422
94 156 9906 9906
94 156 6421 6421
94 156 6420 6420
94 156 9907 9907
94 156 6419 6419
94 156 6418 6418
94 156 9908 9908
94 156 6417 6417
94 156 9909 9909
94 156 6416 6416
94 156 6415 6415
94 156 6414 6414
94 156 9910 9910
94 156 6413 6413
94 156 9911 9911
94 156 6412 6412
94 156 6411 6411
94 156 9912 9912
94 156 6410 6410
94 156 6409 6409
94 156 9913 9913
94 156 6408 6408
94 156 6407 6407
94 156 9914 9914
94 156 6406 6406
94 156 9915 9915
94 156 6405 6405
94 156 6404 6404
94 156 6403 6403
94 156 6402 6402
94 156 9916 9916
94 156 6401 6401
94 156 6400 6400
94 156 9917 9917
94 156 9918 9918
94 156 6399 6399
94 156 6398 6398
94 156 9919 9919
94 156 9920 9920
94 156 9921 9921
94 156 6397 6397
94 156 6396 6396
94 156 9922 9922
94 156 9923 9923
94 156 9924 9924
94 156 9925 9925
94 156 9926 9926
94 156 9927 9927
94 156 9928 9928
94 156 6395 6395
94 156 6394 6394
94 156 9929 9929
94 156 6393 6393
94 156 9930 9930
94 156 9931 9931
93 93 6393 9931
93 156 9932 9932
93 156 6392 6392
93 156 6391 6391
93 156 9933 9933
93 156 6390 6390
93 156 6389 6389
93 156 9934 9934
93 156 9935 9935
93 156 6388 6388
93 156 6387 6387
93 156 6386 6386
93 156 9936 9936
93 156 9937 9937
93 156 9938 9938
93 156 9939 9939
93 156 6385 6385
93 156 6384 6384
93 156 9940 9940
93 156 9941 9941
93 156 9942 9942
93 156 9943 9943
93 156 6383 6383
93 156 6382 6382
93 156 6381 6381
93 156 6380 6380
93 156 9944 9944
93 156 6379 6379
93 156 9945 9945
93 156 9946 9946
93 156 9947 9947
93 156 9948 9948
93 156 6378 6378
93 156 9949 9949
93 156 9950 9950
93 156 6377 6377
93 156 6376 6376
93 156 6375 6375
93 156 6374 6374
93 156 6373 6373
93 156 6372 6372
93 156 9951 9951
93 156 9952 9952
93 156 9953 9953
93 156 6371 6371
93 156 6370 6370
93 156 9954 9954
93 156 9955 9955
93 156 6369 6369
93 156 9956 9956
93 156 6368 6368
93 156 6367 6367
93 156 6366 6366
93 156 6365 6365
93 156 9957 9957
93 156 6364 6364
93 156 6363 6363
93 156 9958 9958
93 156 6362 6362
93 156 6361 6361
93 156 6360 6360
93 156 9959 9959
93 156 9960 9960
93 156 9961 9961
93 156 6359 6359
93 156 6358 6358
93 156 6357 6357
93 156 9962 9962
93 156 9963 9963
93 156 9964 9964
93 156 9965 9965
93 156 6356 6356
93 156 9966 9966
93 156 6355 6355
93 156 9967 9967
93 156 6354 6354
93 156 6353 6353
93 156 6352 6352
93 156 9968 9968
92 92 6352 9968
92 156 6351 6351
92 156 9969 9969
92 156 6350 6350
92 156 6349 6349
92 156 6348 6348
92 156 6347 6347
92 156 6346 6346
92 156 9970 9970
92 156 9971 9971
92 156 6345 6345
92 156 6344 6344
92 156 6343 6343
92 156 9972 9972
92 156 6342 6342
92 156 6341 6341
92 156 9973 9973
92 156 6340 6340
92 156 9974 9974
92 156 6339 6339
92 156 6338 6338
92 156 9975 9975
92 156 9976 9976
92 156 6337 6337
92 156 6336 6336
92 156 6335 6335
92 156 6334 6334
92 156 9977 9977
92 156 9978 9978
92 156 6333 6333
92 156 6332 6332
92 156 6331 6331
92 156 9979 9979
92 156 9980 9980
92 156 9981 9981
92 156 9982 9982
92 156 6330 6330
92 156 9983 9983
92 156 6329 6329
92 156 6328 6328
92 156 9984 9984
92 156 6327 6327
92 156 6326 6326
92 156 6325 6325
92 156 6324 6324
92 156 9985 9985
92 156 6323 6323
92 156 6322 6322
92 156 9986 9986
92 156 6321 6321
92 156 9987 9987
92 156 6320 6320
92 156 6319 6319
92 156 6318 6318
92 156 6317 6317
92 156 6316 6316
92 156 6315 6315
92 156 6314 6314
92 156 9988 9988
92 156 9989 9989
92 156 9990 9990
92 156 9991 9991
92 156 6313 6313
92 156 9992 9992
92 156 6312 6312
92 156 9993 9993
92 156 6311 6311
92 156 9994 9994
92 156 6310 6310
92 156 9995 9995
92 156 9996 9996
92 156 9997 9997
92 156 6309 6309
92 156 9998 9998
92 156 9999 9999
92 156 6308 6308
92 156 10000 10000
92 156 6307 6307
92 156 10001 10001
92 156 10002 10002
92 156 10003 10003
92 156 6306 6306
92 156 10004 10004
92 156 6305 6305
92 156 10005 10005
92 156 6304 6304
92 156 10006 10006
92 156 10007 10007
92 156 6303 6303
92 156 10008 10008
92 156 6302 6302
92 156 6301 6301
92 156 10009 10009
92 156 6300 6300
92 156 10010 10010
92 156 10011 10011
92 156 10012 10012
92 156 6299 6299
92 156 6298 6298
92 156 10013 10013
92 156 6297 6297
92 156 10014 10014
92 156 10015 10015
92 156 10016 10016
92 156 6296 6296
92 156 6295 6295
92 156 6294 6294
92 156 6293 6293
92 156 10017 10017
92 156 6292 6292
92 156 6291 6291
92 156 10018 10018
92 156 10019 10019
92 156 6290 6290
92 156 6289 6289
92 156 6288 6288
92 156 10020 10020
92 156 10021 10021
92 156 6287 6287
92 156 10022 10022
92 156 10023 10023
92 156 6286 6286
92 156 6285 6285
92 156 10024 10024
92 156 6284 6284
92 156 6283 6283
157 157 6283 10024
92 157 6282 6282
158 158 6282 10024
92 158 10025 10025
92 158 6281 6281
92 158 6280 6280
92 158 6279 6279
92 158 6278 6278
92 158 10026 10026
92 158 6277 6277
92 158 10027 10027
92 158 6276 6276
92 158 6275 6275
92 158 6274 6274
92 158 6273 6273
92 158 10028 10028
92 158 6272 6272
92 158 10029 10029
92 158 6271 6271
92 158 6270 6270
92 158 10030 10030
92 158 10031 10031
92 158 10032 10032
92 158 6269 6269
92 158 10033 10033
92 158 10034 10034
92 158 6268 6268
92 158 10035 10035
92 158 6267 6267
92 158 6266 6266
92 158 6265 6265
92 158 6264 6264
92 158 10036 10036
92 158 10037 10037
92 158 10038 10038
92 158 6263 6263
92 158 6262 6262
92 158 10039 10039
92 158 6261 6261
92 158 10040 10040
92 158 6260 6260
92 158 10041 10041
92 158 6259 6259
92 158 6258 6258
92 158 6257 6257
92 158 10042 10042
92 158 10043 10043
92 158 10044 10044
92 158 6256 6256
92 158 6255 6255
92 158 10045 10045
92 158 10046 10046
92 158 10047 10047
92 158 10048 10048
92 158 10049 10049
92 158 6254 6254
92 158 6253 6253
92 158 10050 10050
92 158 6252 6252
92 158 10051 10051
92 158 10052 10052
92 158 10053 10053
92 158 10054 10054
92 158 6251 6251
92 158 10055 10055
92 158 10056 10056
92 158 6250 6250
92 158 6249 6249
92 158 6248 6248
92 158 6247 6247
92 158 6246 6246
92 158 6245 6245
92 158 6244 6244
92 158 6243 6243
92 158 10057 10057
92 158 10058 10058
92 158 6242 6242
92 158 6241 6241
92 158 10059 10059
92 158 10060 10060
92 158 10061 10061
92 158 6240 6240
92 158 6239 6239
92 158 10062 10062
92 158 6238 6238
92 158 10063 10063
92 158 6237 6237
92 158 10064 10064
92 158 6236 6236
92 158 6235 6235
92 158 10065 10065
92 158 10066 10066
92 158 10067 10067
92 158 6234 6234
92 158 6233 6233
92 158 10068 10068
92 158 10069 10069
92 158 10070 10070
92 158 6232 6232
92 158 10071 10071
92 158 10072 10072
92 158 6231 6231
92 158 10073 10073
92 158 6230 6230
92 158 10074 10074
92 158 6229 6229
92 158 10075 10075
92 158 10076 10076
92 158 6228 6228
92 158 10077 10077
92 158 10078 10078
92 158 10079 10079
92 158 6227 6227
92 158 10080 10080
92 158 10081 10081
92 158 6226 6226
92 158 6225 6225
92 158 6224 6224
92 158 10082 10082
92 158 10083 10083
92 158 6223 6223
92 158 10084 10084
92 158 6222 6222
92 158 10085 10085
92 158 6221 6221
92 158 6220 6220
92 158 6219 6219
92 158 10086 10086
92 158 6218 6218
92 158 10087 10087
92 158 10088 10088
92 158 6217 6217
92 158 6216 6216
92 158 10089 10089
92 158 6215 6215
92 158 10090 10090
92 158 10091 10091
92 158 10092 10092
92 158 10093 10093
92 158 10094 10094
92 158 10095 10095
92 158 6214 6214
92 158 10096 10096
92 158 6213 6213
92 158 10097 10097
92 158 10098 10098
92 158 10099 10099
92 158 6212 6212
92 158 6211 6211
92 158 10100 10100
92 158 6210 6210
92 158 6209 6209
92 158 10101 10101
92 158 6208 6208
92 158 6207 6207
92 158 6206 6206
92 158 10102 10102
92 158 10103 10103
92 158 6205 6205
92 158 10104 10104
92 158 10105 10105
92 158 6204 6204
92 158 6203 6203
92 158 10106 10106
92 158 6202 6202
92 158 6201 6201
92 158 6200 6200
92 158 6199 6199
92 158 6198 6198
92 158 10107 10107
92 158 10108 10108
92 158 10109 10109
92 158 6197 6197
92 158 10110 10110
92 158 6196 6196
92 158 10111 10111
92 158 10112 10112
159 159 6196 10112
92 159 6195 6195
92 159 6194 6194
92 159 6193 6193
92 159 6192 6192
92 159 10113 10113
92 159 6191 6191
92 159 6190 6190
92 159 6189 6189
92 159 10114 10114
92 159 10115 10115
92 159 10116 10116
92 159 6188 6188
92 159 6187 6187
92 159 10117 10117
92 159 6186 6186
92 159 6185 6185
92 159 6184 6184
92 159 10118 10118
92 159 6183 6183
92 159 6182 6182
92 159 10119 10119
92 159 10120 10120
92 159 10121 10121
92 159 6181 6181
92 159 6180 6180
92 159 10122 10122
92 159 10123 10123
92 159 10124 10124
92 159 10125 10125
92 159 10126 10126
92 159 6179 6179
92 159 10127 10127
92 159 10128 10128
92 159 10129 10129
92 159 10130 10130
92 159 10131 10131
92 159 6178 6178
92 159 10132 10132
92 159 6177 6177
92 159 6176 6176
92 159 6175 6175
92 159 6174 6174
92 159 6173 6173
92 159 10133 10133
92 159 6172 6172
92 159 6171 6171
92 159 6170 6170
92 159 6169 6169
92 159 6168 6168
92 159 6167 6167
92 159 10134 10134
91 91 6167 10134
91 159 10135 10135
91 159 6166 6166
91 159 10136 10136
91 159 6165 6165
91 159 6164 6164
91 159 10137 10137
91 159 6163 6163
91 159 10138 10138
91 159 6162 6162
91 159 6161 6161
91 159 10139 10139
91 159 6160 6160
91 159 10140 10140
91 159 6159 6159
91 159 10141 10141
91 159 10142 10142
91 159 6158 6158
91 159 6157 6157
91 159 10143 10143
91 159 6156 6156
91 159 10144 10144
91 159 6155 6155
91 159 10145 10145
91 159 6154 6154
91 159 10146 10146
91 159 10147 10147
91 159 10148 10148
91 159 10149 10149
91 159 10150 10150
91 159 6153 6153
91 159 10151 10151
91 159 10152 10152
91 159 10153 10153
91 159 10154 10154
91 159 6152 6152
91 159 6151 6151
91 159 6150 6150
91 159 6149 6149
91 159 6148 6148
91 159 10155 10155
91 159 6147 6147
91 159 10156 10156
91 159 6146 6146
91 159 6145 6145
91 159 6144 6144
91 159 6143 6143
91 159 10157 10157
91 159 6142 6142
91 159 10158 10158
91 159 10159 10159
91 159 6141 6141
91 159 6140 6140
91 159 10160 10160
91 159 10161 10161
91 159 10162 10162
91 159 6139 6139
91 159 6138 6138
91 159 6137 6137
91 159 6136 6136
91 159 10163 10163
91 159 6135 6135
91 159 6134 6134
91 159 10164 10164
91 159 6133 6133
91 159 10165 10165
91 159 10166 10166
91 159 6132 6132
91 159 6131 6131
91 159 10167 10167
91 159 6130 6130
91 159 10168 10168
91 159 10169 10169
91 159 6129 6129
91 159 6128 6128
91 159 6127 6127
91 159 10170 10170
91 159 6126 6126
91 159 10171 10171
91 159 6125 6125
91 159 6124 6124
91 159 10172 10172
91 159 6123 6123
91 159 6122 6122
91 159 10173 10173
91 159 10174 10174
91 159 10175 10175
91 159 10176 10176
91 159 10177 10177
91 159 10178 10178
91 159 10179 10179
91 159 10180 10180
91 159 10181 10181
91 159 10182 10182
91 159 6121 6121
91 159 10183 10183
91 159 10184 10184
91 159 10185 10185
91 159 10186 10186
91 159 10187 10187
91 159 10188 10188
91 159 10189 10189
91 159 10190 10190
91 159 10191 10191
91 159 10192 10192
91 159 6120 6120
91 159 10193 10193
91 159 10194 10194
91 159 6119 6119
91 159 10195 10195
91 159 6118 6118
91 159 10196 10196
91 159 6117 6117
91 159 10197 10197
91 159 6116 6116
91 159 10198 10198
91 159 10199 10199
91 159 10200 10200
91 159 10201 10201
91 159 10202 10202
91 159 6115 6115
91 159 6114 6114
91 159 10203 10203
91 159 6113 6113
91 159 10204 10204
91 159 10205 10205
91 159 10206 10206
91 159 10207 10207
91 159 10208 10208
91 159 10209 10209
91 159 6112 6112
91 159 6111 6111
91 159 10210 10210
91 159 6110 6110
91 159 6109 6109
91 159 10211 10211
91 159 6108 6108
91 159 6107 6107
91 159 10212 10212
160 160 6107 10212
91 160 10213 10213
91 160 6106 6106
91 160 10214 10214
91 160 10215 10215
91 160 10216 10216
90 90 6106 10216
90 160 10217 10217
90 160 6105 6105
90 160 10218 10218
90 160 6104 6104
90 160 10219 10219
90 160 10220 10220
90 160 6103 6103
90 160 6102 6102
90 160 10221 10221
90 160 6101 6101
90 160 10222 10222
90 160 10223 10223
90 160 6100 6100
90 160 6099 6099
90 160 10224 10224
90 160 10225 10225
161 161 6099 10225
90 161 6098 6098
90 161 6097 6097
90 161 10226 10226
90 161 6096 6096
90 161 10227 10227
90 161 10228 10228
90 161 10229 10229
90 161 10230 10230
90 161 10231 10231
90 161 10232 10232
90 161 10233 10233
90 161 6095 6095
90 161 10234 10234
90 161 10235 10235
90 161 6094 6094
90 161 10236 10236
90 161 6093 6093
90 161 10237 10237
90 161 6092 6092
90 161 6091 6091
90 161 6090 6090
90 161 6089 6089
90 161 10238 10238
90 161 10239 10239
90 161 10240 10240
90 161 6088 6088
90 161 10241 10241
90 161 6087 6087
90 161 6086 6086
90 161 6085 6085
90 161 10242 10242
90 161 10243 10243
90 161 10244 10244
90 161 10245 10245
90 161 6084 6084
90 161 10246 10246
90 161 10247 10247
90 161 10248 10248
90 161 10249 10249
90 161 10250 10250
90 161 10251 10251
90 161 10252 10252
90 161 10253 10253
90 161 6083 6083
90 161 6082 6082
90 161 10254 10254
90 161 10255 10255
90 161 6081 6081
90 161 10256 10256
90 161 10257 10257
90 161 6080 6080
90 161 10258 10258
90 161 10259 10259
90 161 10260 10260
90 161 10261 10261
90 161 6079 6079
90 161 10262 10262
90 161 10263 10263
90 161 6078 6078
90 161 10264 10264
90 161 10265 10265
90 161 10266 10266
90 161 6077 6077
90 161 10267 10267
90 161 10268 10268
90 161 6076 6076
90 161 6075 6075
90 161 10269 10269
90 161 6074 6074
90 161 6073 6073
90 161 6072 6072
90 161 6071 6071
90 161 6070 6070
90 161 6069 6069
90 161 10270 10270
90 161 6068 6068
90 161 10271 10271
90 161 10272 10272
90 161 10273 10273
90 161 10274 10274
89 89 6068 10274
89 161 10275 10275
89 161 10276 10276
89 161 10277 10277
89 161 10278 10278
89 161 6067 6067
89 161 6066 6066
89 161 6065 6065
89 161 6064 6064
89 161 6063 6063
89 161 10279 10279
89 161 6062 6062
89 161 6061 6061
89 161 10280 10280
89 161 10281 10281
89 161 6060 6060
88 88 6060 10281
88 161 6059 6059
162 162 6059 10281
88 162 10282 10282
88 162 6058 6058
88 162 6057 6057
88 162 6056 6056
88 162 10283 10283
88 162 6055 6055
88 162 6054 6054
88 162 6053 6053
88 162 6052 6052
88 162 10284 10284
88 162 6051 6051
88 162 10285 10285
88 162 10286 10286
88 162 10287 10287
88 162 6050 6050
88 162 10288 10288
88 162 10289 10289
88 162 6049 6049
88 162 6048 6048
88 162 10290 10290
88 162 10291 10291
88 162 10292 10292
88 162 10293 10293
88 162 10294 10294
88 162 10295 10295
88 162 10296 10296
88 162 6047 6047
88 162 10297 10297
88 162 6046 6046
88 162 10298 10298
88 162 10299 10299
88 162 6045 6045
88 162 6044 6044
88 162 6043 6043
88 162 10300 10300
88 162 10301 10301
88 162 10302 10302
88 162 10303 10303
88 162 6042 6042
88 162 10304 10304
88 162 6041 6041
88 162 10305 10305
88 162 10306 10306
88 162 6040 6040
88 162 10307 10307
88 162 6039 6039
88 162 10308 10308
88 162 6038 6038
88 162 6037 6037
88 162 10309 10309
88 162 10310 10310
88 162 6036 6036
88 162 6035 6035
88 162 6034 6034
88 162 6033 6033
88 162 10311 10311
88 162 10312 10312
88 162 10313 10313
88 162 6032 6032
88 162 10314 10314
88 162 10315 10315
88 162 6031 6031
88 162 10316 10316
88 162 10317 10317
88 162 6030 6030
88 162 10318 10318
88 162 10319 10319
88 162 10320 10320
88 162 10321 10321
88 162 10322 10322
88 162 10323 10323
88 162 10324 10324
88 162 10325 10325
88 162 10326 10326
88 162 6029 6029
88 162 10327 10327
88 162 10328 10328
88 162 6028 6028
88 162 6027 6027
88 162 6026 6026
88 162 10329 10329
88 162 10330 10330
88 162 6025 6025
88 162 10331 10331
88 162 6024 6024
88 162 6023 6023
88 162 6022 6022
88 162 10332 10332
88 162 6021 6021
88 162 6020 6020
88 162 10333 10333
88 162 6019 6019
88 162 6018 6018
88 162 6017 6017
88 162 10334 10334
88 162 10335 10335
88 162 10336 10336
88 162 6016 6016
88 162 6015 6015
88 162 6014 6014
88 162 10337 10337
88 162 10338 10338
88 162 10339 10339
88 162 10340 10340
88 162 10341 10341
88 162 10342 10342
88 162 6013 6013
88 162 6012 6012
88 162 10343 10343
88 162 6011 6011
88 162 10344 10344
88 162 6010 6010
88 162 10345 10345
88 162 6009 6009
88 162 10346 10346
88 162 6008 6008
88 162 10347 10347
88 162 10348 10348
88 162 10349 10349
88 162 10350 10350
88 162 10351 10351
88 162 6007 6007
88 162 10352 10352
88 162 6006 6006
88 162 6005 6005
88 162 10353 10353
88 162 6004 6004
88 162 6003 6003
88 162 6002 6002
88 162 6001 6001
88 162 6000 6000
88 162 5999 5999
88 162 10354 10354
88 162 5998 5998
88 162 10355 10355
88 162 5997 5997
88 162 5996 5996
88 162 5995 5995
88 162 10356 10356
88 162 10357 10357
88 162 5994 5994
88 162 5993 5993
88 162 5992 5992
88 162 5991 5991
88 162 10358 10358
88 162 10359 10359
88 162 10360 10360
88 162 5990 5990
88 162 10361 10361
88 162 5989 5989
88 162 5988 5988
88 162 5987 5987
88 162 5986 5986
88 162 5985 5985
88 162 10362 10362
88 162 10363 10363
88 162 10364 10364
88 162 10365 10365
88 162 10366 10366
88 162 10367 10367
88 162 10368 10368
88 162 5984 5984
88 162 5983 5983
88 162 5982 5982
88 162 10369 10369
88 162 10370 10370
88 162 10371 10371
88 162 10372 10372
88 162 5981 5981
88 162 5980 5980
88 162 5979 5979
88 162 5978 5978
88 162 10373 10373
88 162 10374 10374
88 162 10375 10375
88 162 10376 10376
88 162 5977 5977
88 162 5976 5976
88 162 10377 10377
88 162 10378 10378
88 162 10379 10379
88 162 5975 5975
88 162 10380 10380
88 162 10381 10381
88 162 10382 10382
88 162 10383 10383
88 162 10384 10384
88 162 5974 5974
88 162 5973 5973
88 162 5972 5972
88 162 5971 5971
88 162 10385 10385
88 162 10386 10386
88 162 5970 5970
88 162 5969 5969
88 162 5968 5968
88 162 10387 10387
88 162 5967 5967
88 162 5966 5966
88 162 10388 10388
88 162 10389 10389
88 162 5965 5965
88 162 5964 5964
88 162 5963 5963
88 162 5962 5962
88 162 10390 10390
88 162 5961 5961
88 162 10391 10391
88 162 5960 5960
88 162 10392 10392
88 162 10393 10393
88 162 10394 10394
88 162 5959 5959
88 162 10395 10395
88 162 10396 10396
88 162 10397 10397
88 162 5958 5958
88 162 10398 10398
88 162 10399 10399
88 162 5957 5957
88 162 10400 10400
88 162 5956 5956
88 162 5955 5955
88 162 5954 5954
88 162 5953 5953
88 162 5952 5952
88 162 5951 5951
88 162 5950 5950
88 162 5949 5949
88 162 5948 5948
88 162 5947 5947
88 162 10401 10401
88 162 10402 10402
88 162 5946 5946
88 162 5945 5945
88 162 10403 10403
88 162 5944 5944
88 162 5943 5943
88 162 10404 10404
88 162 5942 5942
88 162 5941 5941
88 162 10405 10405
88 162 10406 10406
88 162 10407 10407
88 162 5940 5940
88 162 5939 5939
88 162 5938 5938
88 162 10408 10408
88 162 10409 10409
88 162 5937 5937
88 162 5936 5936
88 162 10410 10410
88 162 10411 10411
88 162 10412 10412
88 162 10413 10413
88 162 10414 10414
88 162 5935 5935
88 162 5934 5934
88 162 5933 5933
88 162 10415 10415
88 162 5932 5932
88 162 10416 10416
88 162 10417 10417
88 162 10418 10418
88 162 5931 5931
88 162 5930 5930
88 162 10419 10419
88 162 10420 10420
88 162 5929 5929
88 162 5928 5928
88 162 10421 10421
88 162 5927 5927
88 162 5926 5926
88 162 10422 10422
88 162 10423 10423
88 162 5925 5925
88 162 10424 10424
88 162 10425 10425
88 162 10426 10426
88 162 5924 5924
88 162 10427 10427
88 162 5923 5923
88 162 10428 10428
88 162 5922 5922
88 162 10429 10429
88 162 5921 5921
88 162 10430 10430
88 162 10431 10431
88 162 5920 5920
88 162 10432 10432
88 162 10433 10433
88 162 10434 10434
88 162 10435 10435
88 162 5919 5919
88 162 5918 5918
88 162 10436 10436
88 162 10437 10437
88 162 10438 10438
88 162 10439 10439
88 162 10440 10440
88 162 10441 10441
88 162 10442 10442
88 162 10443 10443
88 162 10444 10444
88 162 5917 5917
88 162 10445 10445
87 87 5917 10445
87 162 10446 10446
87 162 5916 5916
87 162 5915 5915
87 162 5914 5914
87 162 5913 5913
87 162 5912 5912
87 162 5911 5911
87 162 5910 5910
87 162 5909 5909
87 162 10447 10447
87 162 10448 10448
87 162 5908 5908
87 162 10449 10449
87 162 10450 10450
87 162 10451 10451
87 162 5907 5907
87 162 5906 5906
87 162 5905 5905
87 162 10452 10452
87 162 10453 10453
87 162 5904 5904
87 162 10454 10454
87 162 5903 5903
87 162 5902 5902
87 162 10455 10455
87 162 10456 10456
87 162 10457 10457
87 162 5901 5901
87 162 5900 5900
87 162 5899 5899
87 162 10458 10458
87 162 5898 5898
87 162 5897 5897
87 162 5896 5896
87 162 10459 10459
87 162 5895 5895
87 162 10460 10460
87 162 5894 5894
87 162 5893 5893
87 162 10461 10461
87 162 10462 10462
87 162 5892 5892
87 162 10463 10463
87 162 5891 5891
87 162 5890 5890
87 162 5889 5889
87 162 5888 5888
87 162 5887 5887
87 162 5886 5886
87 162 10464 10464
87 162 10465 10465
87 162 10466 10466
87 162 10467 10467
87 162 10468 10468
87 162 10469 10469
87 162 5885 5885
87 162 5884 5884
87 162 5883 5883
87 162 10470 10470
87 162 10471 10471
87 162 10472 10472
87 162 5882 5882
87 162 10473 10473
87 162 10474 10474
87 162 10475 10475
87 162 10476 10476
87 162 5881 5881
87 162 10477 10477
87 162 10478 10478
87 162 5880 5880
87 162 5879 5879
87 162 10479 10479
87 162 5878 5878
87 162 10480 10480
87 162 5877 5877
86 86 5877 10480
86 162 10481 10481
86 162 10482 10482
86 162 5876 5876
86 162 10483 10483
86 162 5875 5875
86 162 10484 10484
86 162 5874 5874
86 162 10485 10485
86 162 5873 5873
86 162 5872 5872
86 162 5871 5871
86 162 5870 5870
86 162 10486 10486
86 162 5869 5869
86 162 5868 5868
86 162 5867 5867
86 162 10487 10487
86 162 10488 10488
86 162 5866 5866
86 162 5865 5865
86 162 5864 5864
86 162 10489 10489
86 162 10490 10490
86 162 5863 5863
86 162 5862 5862
86 162 10491 10491
86 162 5861 5861
86 162 5860 5860
85 85 5860 10491
85 162 10492 10492
85 162 10493 10493
85 162 5859 5859
85 162 5858 5858
85 162 10494 10494
85 162 10495 10495
85 162 10496 10496
85 162 10497 10497
85 162 10498 10498
85 162 5857 5857
85 162 10499 10499
85 162 10500 10500
85 162 10501 10501
85 162 5856 5856
85 162 5855 5855
85 162 5854 5854
85 162 5853 5853
85 162 10502 10502
85 162 5852 5852
85 162 5851 5851
85 162 5850 5850
85 162 5849 5849
85 162 10503 10503
85 162 5848 5848
85 162 5847 5847
85 162 10504 10504
85 162 10505 10505
85 162 10506 10506
85 162 5846 5846
85 162 10507 10507
85 162 5845 5845
85 162 10508 10508
85 162 5844 5844
85 162 10509 10509
85 162 10510 10510
85 162 10511 10511
85 162 10512 10512
85 162 5843 5843
85 162 10513 10513
85 162 5842 5842
85 162 5841 5841
85 162 10514 10514
85 162 10515 10515
85 162 5840 5840
163 163 5840 10515
85 163 5839 5839
85 163 10516 10516
85 163 10517 10517
85 163 10518 10518
85 163 5838 5838
85 163 5837 5837
85 163 10519 10519
85 163 5836 5836
85 163 10520 10520
85 163 10521 10521
85 163 5835 5835
85 163 5834 5834
85 163 5833 5833
85 163 5832 5832
85 163 5831 5831
85 163 5830 5830
85 163 5829 5829
85 163 10522 10522
85 163 10523 10523
85 163 5828 5828
85 163 5827 5827
85 163 10524 10524
85 163 5826 5826
85 163 5825 5825
85 163 10525 10525
85 163 10526 10526
85 163 5824 5824
85 163 10527 10527
85 163 5823 5823
85 163 5822 5822
85 163 5821 5821
85 163 10528 10528
85 163 10529 10529
85 163 10530 10530
85 163 5820 5820
85 163 5819 5819
85 163 10531 10531
85 163 5818 5818
85 163 10532 10532
85 163 5817 5817
85 163 10533 10533
85 163 5816 5816
85 163 5815 5815
85 163 5814 5814
85 163 10534 10534
85 163 10535 10535
85 163 10536 10536
85 163 10537 10537
85 163 5813 5813
85 163 5812 5812
85 163 10538 10538
85 163 10539 10539
85 163 10540 10540
85 163 5811 5811
85 163 10541 10541
85 163 5810 5810
85 163 10542 10542
85 163 10543 10543
85 163 5809 5809
85 163 5808 5808
85 163 5807 5807
85 163 5806 5806
85 163 10544 10544
85 163 10545 10545
85 163 5805 5805
85 163 5804 5804
85 163 10546 10546
85 163 10547 10547
85 163 10548 10548
85 163 10549 10549
85 163 10550 10550
85 163 5803 5803
85 163 10551 10551
85 163 10552 10552
85 163 10553 10553
85 163 10554 10554
85 163 10555 10555
85 163 5802 5802
85 163 10556 10556
85 163 5801 5801
85 163 10557 10557
85 163 10558 10558
85 163 5800 5800
85 163 10559 10559
85 163 10560 10560
85 163 5799 5799
85 163 5798 5798
85 163 10561 10561
85 163 10562 10562
85 163 10563 10563
85 163 10564 10564
85 163 5797 5797
85 163 5796 5796
85 163 5795 5795
85 163 10565 10565
85 163 5794 5794
164 164 5794 10565
85 164 5793 5793
85 164 5792 5792
85 164 10566 10566
85 164 5791 5791
85 164 10567 10567
85 164 10568 10568
85 164 5790 5790
85 164 5789 5789
85 164 5788 5788
85 164 5787 5787
85 164 10569 10569
85 164 10570 10570
85 164 10571 10571
85 164 10572 10572
85 164 10573 10573
85 164 5786 5786
85 164 5785 5785
85 164 10574 10574
85 164 5784 5784
85 164 10575 10575
85 164 10576 10576
85 164 5783 5783
85 164 5782 5782
85 164 10577 10577
85 164 5781 5781
85 164 5780 5780
85 164 5779 5779
85 164 5778 5778
85 164 5777 5777
85 164 10578 10578
85 164 5776 5776
85 164 5775 5775
85 164 5774 5774
85 164 10579 10579
85 164 10580 10580
85 164 10581 10581
85 164 10582 10582
85 164 5773 5773
85 164 10583 10583
85 164 10584 10584
85 164 10585 10585
85 164 10586 10586
85 164 10587 10587
85 164 5772 5772
85 164 10588 10588
85 164 5771 5771
85 164 10589 10589
85 164 10590 10590
85 164 10591 10591
85 164 10592 10592
85 164 10593 10593
85 164 5770 5770
85 164 5769 5769
85 164 10594 10594
85 164 10595 10595
85 164 5768 5768
85 164 10596 10596
85 164 5767 5767
85 164 5766 5766
85 164 5765 5765
85 164 10597 10597
85 164 10598 10598
85 164 10599 10599
85 164 10600 10600
85 164 10601 10601
85 164 5764 5764
85 164 10602 10602
85 164 5763 5763
85 164 5762 5762
85 164 5761 5761
85 164 10603 10603
85 164 5760 5760
85 164 5759 5759
85 164 5758 5758
85 164 10604 10604
85 164 10605 10605
85 164 10606 10606
85 164 5757 5757
85 164 10607 10607
85 164 5756 5756
85 164 10608 10608
85 164 5755 5755
85 164 10609 10609
85 164 10610 10610
85 164 5754 5754
85 164 10611 10611
165 165 5754 10611
85 165 10612 10612
85 165 10613 10613
85 165 10614 10614
85 165 10615 10615
85 165 10616 10616
85 165 5753 5753
85 165 5752 5752
85 165 5751 5751
85 165 10617 10617
85 165 10618 10618
85 165 10619 10619
85 165 10620 10620
85 165 5750 5750
85 165 5749 5749
85 165 5748 5748
85 165 10621 10621
85 165 10622 10622
85 165 5747 5747
85 165 5746 5746
85 165 5745 5745
85 165 10623 10623
85 165 5744 5744
85 165 10624 10624
85 165 10625 10625
85 165 5743 5743
85 165 10626 10626
85 165 10627 10627
85 165 10628 10628
85 165 10629 10629
85 165 10630 10630
85 165 10631 10631
85 165 5742 5742
85 165 10632 10632
85 165 5741 5741
85 165 5740 5740
85 165 10633 10633
85 165 5739 5739
85 165 5738 5738
85 165 10634 10634
85 165 10635 10635
85 165 10636 10636
85 165 5737 5737
85 165 10637 10637
85 165 10638 10638
85 165 5736 5736
85 165 5735 5735
85 165 5734 5734
85 165 10639 10639
85 165 10640 10640
85 165 10641 10641
85 165 5733 5733
85 165 10642 10642
85 165 5732 5732
85 165 5731 5731
85 165 5730 5730
85 165 5729 5729
85 165 5728 5728
85 165 5727 5727
85 165 10643 10643
85 165 5726 5726
85 165 10644 10644
85 165 10645 10645
85 165 10646 10646
85 165 10647 10647
85 165 10648 10648
85 165 10649 10649
85 165 10650 10650
85 165 5725 5725
85 165 5724 5724
85 165 10651 10651
85 165 5723 5723
85 165 10652 10652
85 165 5722 5722
85 165 5721 5721
85 165 10653 10653
85 165 5720 5720
85 165 10654 10654
85 165 10655 10655
84 84 5720 10655
84 165 10656 10656
84 165 5719 5719
84 165 5718 5718
84 165 10657 10657
84 165 10658 10658
84 165 5717 5717
84 165 10659 10659
84 165 10660 10660
84 165 10661 10661
84 165 10662 10662
84 165 5716 5716
84 165 10663 10663
84 165 10664 10664
84 165 5715 5715
84 165 10665 10665
84 165 10666 10666
84 165 10667 10667
84 165 10668 10668
84 165 5714 5714
84 165 5713 5713
84 165 10669 10669
84 165 10670 10670
84 165 10671 10671
84 165 5712 5712
84 165 5711 5711
84 165 5710 5710
84 165 5709 5709
84 165 10672 10672
84 165 5708 5708
84 165 5707 5707
84 165 10673 10673
84 165 10674 10674
83 83 5707 10674
83 165 10675 10675
83 165 5706 5706
83 165 5705 5705
83 165 5704 5704
83 165 5703 5703
83 165 5702 5702
83 165 10676 10676
83 165 5701 5701
83 165 5700 5700
83 165 5699 5699
83 165 5698 5698
83 165 5697 5697
83 165 10677 10677
83 165 10678 10678
82 82 5697 10678
82 165 5696 5696
82 165 10679 10679
82 165 10680 10680
82 165 5695 5695
82 165 10681 10681
82 165 5694 5694
82 165 5693 5693
82 165 10682 10682
82 165 5692 5692
82 165 10683 10683
82 165 5691 5691
82 165 5690 5690
82 165 5689 5689
82 165 5688 5688
82 165 5687 5687
82 165 5686 5686
81 81 5686 10683
81 165 5685 5685
81 165 5684 5684
81 165 5683 5683
81 165 5682 5682
81 165 5681 5681
81 165 5680 5680
81 165 5679 5679
81 165 10684 10684
81 165 5678 5678
81 165 5677 5677
81 165 5676 5676
81 165 5675 5675
81 165 5674 5674
81 165 5673 5673
81 165 10685 10685
81 165 5672 5672
81 165 10686 10686
81 165 5671 5671
81 165 10687 10687
81 165 10688 10688
81 165 10689 10689
81 165 5670 5670
81 165 10690 10690
81 165 5669 5669
81 165 10691 10691
81 165 5668 5668
81 165 5667 5667
81 165 10692 10692
81 165 10693 10693
81 165 5666 5666
81 165 10694 10694
81 165 10695 10695
81 165 5665 5665
81 165 5664 5664
81 165 5663 5663
81 165 10696 10696
81 165 10697 10697
81 165 5662 5662
81 165 10698 10698
81 165 10699 10699
81 165 5661 5661
81 165 10700 10700
81 165 10701 10701
81 165 5660 5660
81 165 10702 10702
81 165 10703 10703
81 165 5659 5659
81 165 10704 10704
81 165 10705 10705
81 165 10706 10706
81 165 5658 5658
81 165 5657 5657
81 165 5656 5656
81 165 5655 5655
81 165 5654 5654
81 165 5653 5653
81 165 5652 5652
81 165 10707 10707
81 165 10708 10708
81 165 5651 5651
81 165 10709 10709
81 165 10710 10710
81 165 10711 10711
81 165 10712 10712
81 165 5650 5650
81 165 5649 5649
81 165 10713 10713
81 165 10714 10714
81 165 5648 5648
81 165 10715 10715
81 165 5647 5647
81 165 10716 10716
81 165 10717 10717
81 165 5646 5646
81 165 10718 10718
81 165 5645 5645
80 80 5645 10718
80 165 5644 5644
80 165 5643 5643
80 165 10719 10719
80 165 10720 10720
80 165 5642 5642
80 165 10721 10721
80 165 10722 10722
79 79 5642 10722
79 165 5641 5641
79 165 5640 5640
79 165 10723 10723
79 165 10724 10724
79 165 5639 5639
79 165 5638 5638
79 165 10725 10725
79 165 5637 5637
79 165 5636 5636
79 165 10726 10726
79 165 10727 10727
79 165 10728 10728
79 165 10729 10729
79 165 10730 10730
79 165 10731 10731
79 165 10732 10732
79 165 5635 5635
79 165 10733 10733
79 165 5634 5634
79 165 5633 5633
79 165 5632 5632
79 165 5631 5631
79 165 5630 5630
79 165 5629 5629
79 165 5628 5628
79 165 10734 10734
79 165 5627 5627
79 165 10735 10735
79 165 10736 10736
79 165 10737 10737
79 165 5626 5626
79 165 5625 5625
166 166 5625 10737
79 166 5624 5624
79 166 10738 10738
79 166 10739 10739
79 166 10740 10740
79 166 5623 5623
79 166 10741 10741
79 166 10742 10742
79 166 5622 5622
79 166 5621 5621
79 166 5620 5620
79 166 5619 5619
79 166 10743 10743
79 166 5618 5618
79 166 10744 10744
79 166 10745 10745
79 166 5617 5617
79 166 5616 5616
79 166 5615 5615
79 166 10746 10746
79 166 10747 10747
79 166 10748 10748
79 166 10749 10749
79 166 5614 5614
79 166 5613 5613
79 166 10750 10750
79 166 5612 5612
79 166 5611 5611
79 166 10751 10751
79 166 10752 10752
79 166 10753 10753
79 166 10754 10754
79 166 5610 5610
79 166 5609 5609
79 166 10755 10755
79 166 5608 5608
79 166 5607 5607
79 166 5606 5606
79 166 10756 10756
79 166 5605 5605
79 166 5604 5604
79 166 10757 10757
79 166 10758 10758
79 166 5603 5603
79 166 5602 5602
79 166 10759 10759
79 166 5601 5601
79 166 10760 10760
79 166 5600 5600
79 166 5599 5599
79 166 10761 10761
79 166 10762 10762
79 166 5598 5598
79 166 5597 5597
79 166 10763 10763
79 166 5596 5596
79 166 5595 5595
79 166 5594 5594
79 166 10764 10764
79 166 5593 5593
79 166 5592 5592
79 166 5591 5591
79 166 10765 10765
79 166 5590 5590
79 166 5589 5589
79 166 5588 5588
79 166 10766 10766
79 166 5587 5587
79 166 10767 10767
79 166 5586 5586
79 166 10768 10768
79 166 10769 10769
79 166 10770 10770
79 166 5585 5585
79 166 5584 5584
79 166 5583 5583
79 166 5582 5582
79 166 10771 10771
79 166 5581 5581
79 166 10772 10772
79 166 5580 5580
79 166 5579 5579
79 166 5578 5578
79 166 10773 10773
79 166 5577 5577
79 166 5576 5576
79 166 10774 10774
79 166 10775 10775
79 166 10776 10776
79 166 5575 5575
79 166 10777 10777
79 166 5574 5574
79 166 5573 5573
79 166 5572 5572
79 166 10778 10778
79 166 5571 5571
79 166 10779 10779
79 166 5570 5570
79 166 10780 10780
79 166 5569 5569
79 166 5568 5568
79 166 5567 5567
79 166 5566 5566
79 166 5565 5565
79 166 10781 10781
79 166 5564 5564
79 166 5563 5563
79 166 10782 10782
79 166 10783 10783
79 166 10784 10784
79 166 10785 10785
79 166 5562 5562
79 166 10786 10786
79 166 5561 5561
79 166 10787 10787
79 166 10788 10788
79 166 5560 5560
79 166 10789 10789
79 166 5559 5559
79 166 5558 5558
79 166 10790 10790
79 166 10791 10791
78 78 5558 10791
78 166 5557 5557
78 166 5556 5556
78 166 5555 5555
78 166 5554 5554
78 166 5553 5553
78 166 5552 5552
78 166 5551 5551
78 166 5550 5550
78 166 10792 10792
78 166 10793 10793
78 166 5549 5549
78 166 5548 5548
78 166 5547 5547
78 166 10794 10794
78 166 10795 10795
78 166 5546 5546
78 166 5545 5545
78 166 5544 5544
167 167 5544 10795
78 167 5543 5543
78 167 10796 10796
78 167 10797 10797
78 167 10798 10798
78 167 10799 10799
78 167 5542 5542
78 167 10800 10800
78 167 10801 10801
78 167 10802 10802
78 167 5541 5541
78 167 5540 5540
78 167 10803 10803
78 167 10804 10804
78 167 5539 5539
78 167 5538 5538
78 167 5537 5537
78 167 10805 10805
78 167 5536 5536
78 167 10806 10806
78 167 10807 10807
78 167 5535 5535
78 167 10808 10808
78 167 5534 5534
78 167 10809 10809
78 167 5533 5533
78 167 10810 10810
78 167 5532 5532
78 167 5531 5531
78 167 5530 5530
78 167 5529 5529
78 167 10811 10811
78 167 10812 10812
78 167 10813 10813
78 167 5528 5528
78 167 5527 5527
78 167 5526 5526
78 167 10814 10814
78 167 5525 5525
78 167 10815 10815
78 167 10816 10816
78 167 10817 10817
78 167 10818 10818
78 167 5524 5524
78 167 10819 10819
78 167 5523 5523
78 167 5522 5522
78 167 10820 10820
78 167 10821 10821
78 167 10822 10822
78 167 5521 5521
78 167 10823 10823
78 167 10824 10824
78 167 5520 5520
78 167 10825 10825
78 167 10826 10826
78 167 10827 10827
78 167 5519 5519
78 167 10828 10828
78 167 5518 5518
78 167 5517 5517
78 167 10829 10829
78 167 10830 10830
78 167 10831 10831
78 167 10832 10832
78 167 5516 5516
78 167 10833 10833
78 167 5515 5515
78 167 10834 10834
78 167 5514 5514
77 77 5514 10834
77 167 5513 5513
77 167 5512 5512
77 167 10835 10835
77 167 5511 5511
77 167 5510 5510
77 167 10836 10836
77 167 10837 10837
77 167 10838 10838
77 167 10839 10839
77 167 10840 10840
77 167 5509 5509
77 167 5508 5508
77 167 10841 10841
77 167 5507 5507
77 167 10842 10842
77 167 5506 5506
77 167 10843 10843
77 167 5505 5505
77 167 10844 10844
77 167 10845 10845
77 167 5504 5504
168 168 5504 10845
77 168 5503 5503
77 168 5502 5502
77 168 5501 5501
77 168 5500 5500
77 168 10846 10846
77 168 10847 10847
77 168 5499 5499
77 168 5498 5498
77 168 5497 5497
77 168 10848 10848
77 168 5496 5496
77 168 5495 5495
77 168 5494 5494
77 168 10849 10849
77 168 10850 10850
77 168 5493 5493
77 168 5492 5492
77 168 5491 5491
77 168 5490 5490
77 168 5489 5489
77 168 10851 10851
77 168 5488 5488
77 168 10852 10852
77 168 10853 10853
77 168 5487 5487
77 168 10854 10854
77 168 5486 5486
77 168 5485 5485
77 168 10855 10855
77 168 5484 5484
77 168 5483 5483
77 168 10856 10856
77 168 10857 10857
77 168 5482 5482
77 168 10858 10858
77 168 10859 10859
77 168 10860 10860
77 168 5481 5481
77 168 5480 5480
77 168 10861 10861
77 168 5479 5479
77 168 5478 5478
77 168 10862 10862
77 168 5477 5477
77 168 5476 5476
77 168 10863 10863
77 168 5475 5475
77 168 5474 5474
77 168 5473 5473
77 168 5472 5472
77 168 5471 5471
77 168 5470 5470
77 168 5469 5469
77 168 10864 10864
77 168 10865 10865
77 168 10866 10866
77 168 10867 10867
77 168 10868 10868
77 168 10869 10869
77 168 5468 5468
77 168 10870 10870
77 168 5467 5467
77 168 10871 10871
77 168 10872 10872
77 168 5466 5466
77 168 5465 5465
77 168 10873 10873
77 168 5464 5464
77 168 5463 5463
77 168 10874 10874
77 168 10875 10875
77 168 5462 5462
77 168 5461 5461
77 168 5460 5460
77 168 10876 10876
77 168 10877 10877
77 168 5459 5459
77 168 10878 10878
77 168 10879 10879
77 168 10880 10880
77 168 5458 5458
77 168 5457 5457
77 168 10881 10881
77 168 10882 10882
77 168 10883 10883
77 168 5456 5456
77 168 10884 10884
77 168 10885 10885
77 168 10886 10886
77 168 5455 5455
77 168 5454 5454
77 168 10887 10887
77 168 10888 10888
77 168 5453 5453
77 168 5452 5452
77 168 5451 5451
77 168 5450 5450
77 168 10889 10889
77 168 5449 5449
77 168 5448 5448
77 168 10890 10890
77 168 5447 5447
77 168 10891 10891
77 168 5446 5446
77 168 5445 5445
77 168 10892 10892
77 168 5444 5444
77 168 5443 5443
77 168 10893 10893
77 168 5442 5442
77 168 10894 10894
77 168 10895 10895
76 76 5442 10895
76 168 5441 5441
76 168 5440 5440
76 168 5439 5439
76 168 10896 10896
76 168 10897 10897
76 168 5438 5438
76 168 5437 5437
76 168 5436 5436
76 168 5435 5435
76 168 10898 10898
76 168 5434 5434
76 168 5433 5433
76 168 10899 10899
76 168 5432 5432
75 75 5432 10899
75 168 5431 5431
75 168 5430 5430
169 169 5430 10899
75 169 5429 5429
75 169 10900 10900
75 169 10901 10901
75 169 5428 5428
75 169 10902 10902
75 169 10903 10903
75 169 5427 5427
75 169 10904 10904
75 169 10905 10905
75 169 10906 10906
75 169 5426 5426
75 169 10907 10907
75 169 10908 10908
75 169 10909 10909
75 169 5425 5425
75 169 5424 5424
75 169 5423 5423
75 169 10910 10910
170 170 5423 10910
75 170 5422 5422
75 170 10911 10911
75 170 10912 10912
75 170 10913 10913
75 170 10914 10914
75 170 10915 10915
75 170 10916 10916
75 170 10917 10917
75 170 5421 5421
75 170 5420 5420
75 170 5419 5419
75 170 10918 10918
75 170 5418 5418
75 170 10919 10919
75 170 5417 5417
75 170 10920 10920
75 170 5416 5416
75 170 5415 5415
75 170 10921 10921
75 170 10922 10922
75 170 10923 10923
75 170 10924 10924
75 170 10925 10925
75 170 5414 5414
75 170 10926 10926
75 170 10927 10927
75 170 10928 10928
75 170 5413 5413
75 170 5412 5412
75 170 5411 5411
75 170 5410 5410
75 170 5409 5409
75 170 5408 5408
75 170 5407 5407
75 170 5406 5406
75 170 10929 10929
75 170 10930 10930
75 170 5405 5405
75 170 10931 10931
75 170 10932 10932
75 170 10933 10933
75 170 5404 5404
75 170 5403 5403
75 170 5402 5402
75 170 10934 10934
75 170 10935 10935
75 170 10936 10936
75 170 5401 5401
75 170 5400 5400
75 170 10937 10937
75 170 10938 10938
75 170 10939 10939
75 170 5399 5399
75 170 5398 5398
75 170 5397 5397
75 170 10940 10940
75 170 5396 5396
75 170 5395 5395
75 170 10941 10941
75 170 10942 10942
75 170 10943 10943
75 170 10944 10944
75 170 5394 5394
75 170 5393 5393
75 170 5392 5392
75 170 5391 5391
75 170 10945 10945
75 170 5390 5390
75 170 5389 5389
75 170 10946 10946
75 170 5388 5388
75 170 5387 5387
75 170 10947 10947
75 170 10948 10948
75 170 5386 5386
75 170 5385 5385
75 170 10949 10949
75 170 10950 10950
75 170 5384 5384
75 170 10951 10951
74 74 5384 10951
74 170 5383 5383
74 170 5382 5382
74 170 10952 10952
74 170 5381 5381
74 170 5380 5380
74 170 10953 10953
74 170 10954 10954
74 170 5379 5379
74 170 10955 10955
74 170 5378 5378
74 170 5377 5377
74 170 10956 10956
74 170 5376 5376
74 170 5375 5375
74 170 5374 5374
74 170 10957 10957
74 170 10958 10958
74 170 10959 10959
74 170 5373 5373
74 170 5372 5372
74 170 5371 5371
73 73 5371 10959
73 170 10960 10960
73 170 10961 10961
73 170 10962 10962
73 170 5370 5370
73 170 10963 10963
73 170 5369 5369
72 72 5369 10963
72 170 5368 5368
72 170 5367 5367
72 170 10964 10964
72 170 5366 5366
72 170 10965 10965
72 170 10966 10966
72 170 5365 5365
72 170 5364 5364
72 170 10967 10967
72 170 10968 10968
72 170 5363 5363
72 170 10969 10969
72 170 10970 10970
72 170 5362 5362
72 170 10971 10971
72 170 10972 10972
72 170 10973 10973
72 170 5361 5361
72 170 5360 5360
72 170 10974 10974
72 170 5359 5359
72 170 5358 5358
72 170 5357 5357
72 170 10975 10975
72 170 10976 10976
72 170 5356 5356
72 170 10977 10977
72 170 5355 5355
72 170 5354 5354
72 170 5353 5353
72 170 5352 5352
72 170 10978 10978
72 170 10979 10979
72 170 5351 5351
72 170 5350 5350
72 170 5349 5349
72 170 10980 10980
72 170 10981 10981
72 170 5348 5348
72 170 10982 10982
72 170 10983 10983
72 170 10984 10984
72 170 5347 5347
72 170 5346 5346
72 170 10985 10985
72 170 10986 10986
72 170 10987 10987
72 170 10988 10988
72 170 5345 5345
72 170 5344 5344
72 170 10989 10989
72 170 10990 10990
72 170 10991 10991
72 170 5343 5343
72 170 5342 5342
72 170 5341 5341
72 170 10992 10992
72 170 10993 10993
171 171 5341 10993
72 171 10994 10994
72 171 10995 10995
72 171 5340 5340
72 171 10996 10996
72 171 10997 10997
72 171 10998 10998
72 171 10999 10999
172 172 5340 10999
72 172 5339 5339
72 172 11000 11000
72 172 5338 5338
72 172 11001 11001
72 172 5337 5337
72 172 5336 5336
72 172 11002 11002
72 172 11003 11003
72 172 11004 11004
72 172 11005 11005
72 172 11006 11006
72 172 11007 11007
72 172 5335 5335
72 172 11008 11008
72 172 11009 11009
72 172 11010 11010
72 172 5334 5334
72 172 5333 5333
72 172 11011 11011
72 172 11012 11012
72 172 5332 5332
72 172 11013 11013
72 172 5331 5331
72 172 11014 11014
72 172 5330 5330
72 172 11015 11015
72 172 5329 5329
72 172 5328 5328
72 172 5327 5327
72 172 5326 5326
72 172 11016 11016
72 172 11017 11017
72 172 11018 11018
72 172 5325 5325
72 172 5324 5324
72 172 11019 11019
72 172 11020 11020
72 172 5323 5323
72 172 11021 11021
72 172 11022 11022
72 172 11023 11023
72 172 5322 5322
72 172 11024 11024
72 172 5321 5321
72 172 11025 11025
72 172 11026 11026
72 172 5320 5320
72 172 11027 11027
72 172 11028 11028
72 172 11029 11029
72 172 11030 11030
72 172 11031 11031
72 172 5319 5319
173 173 5319 11031
71 71 5319 11031
71 173 11032 11032
71 173 5318 5318
71 173 11033 11033
71 173 11034 11034
71 173 5317 5317
71 173 5316 5316
71 173 5315 5315
71 173 5314 5314
71 173 11035 11035
71 173 5313 5313
71 173 5312 5312
71 173 5311 5311
71 173 5310 5310
71 173 5309 5309
71 173 5308 5308
71 173 5307 5307
71 173 5306 5306
71 173 11036 11036
71 173 11037 11037
71 173 5305 5305
71 173 5304 5304
71 173 5303 5303
71 173 5302 5302
71 173 5301 5301
71 173 5300 5300
71 173 5299 5299
71 173 11038 11038
71 173 11039 11039
71 173 5298 5298
71 173 5297 5297
71 173 11040 11040
71 173 5296 5296
71 173 11041 11041
71 173 11042 11042
71 173 11043 11043
71 173 11044 11044
71 173 11045 11045
71 173 11046 11046
71 173 11047 11047
71 173 5295 5295
71 173 5294 5294
71 173 5293 5293
71 173 5292 5292
71 173 11048 11048
71 173 5291 5291
71 173 11049 11049
71 173 11050 11050
71 173 5290 5290
71 173 11051 11051
71 173 5289 5289
71 173 5288 5288
71 173 5287 5287
71 173 11052 11052
71 173 11053 11053
71 173 5286 5286
71 173 11054 11054
71 173 5285 5285
71 173 5284 5284
71 173 11055 11055
71 173 11056 11056
71 173 5283 5283
71 173 5282 5282
71 173 5281 5281
71 173 5280 5280
71 173 5279 5279
71 173 11057 11057
71 173 11058 11058
71 173 5278 5278
71 173 11059 11059
71 173 5277 5277
71 173 5276 5276
71 173 5275 5275
70 70 5275 11059
70 173 5274 5274
70 173 11060 11060
70 173 11061 11061
70 173 11062 11062
70 173 11063 11063
174 174 5274 11063
70 174 11064 11064
70 174 5273 5273
175 175 5273 11064
70 175 11065 11065
70 175 5272 5272
70 175 5271 5271
70 175 11066 11066
70 175 5270 5270
70 175 11067 11067
70 175 5269 5269
70 175 11068 11068
70 175 5268 5268
70 175 5267 5267
176 176 5267 11068
70 176 5266 5266
70 176 5265 5265
70 176 5264 5264
70 176 5263 5263
70 176 11069 11069
70 176 5262 5262
70 176 11070 11070
70 176 11071 11071
70 176 5261 5261
70 176 11072 11072
70 176 11073 11073
177 177 5261 11073
70 177 11074 11074
70 177 5260 5260
70 177 11075 11075
70 177 5259 5259
70 177 11076 11076
70 177 11077 11077
70 177 5258 5258
70 177 5257 5257
70 177 11078 11078
70 177 5256 5256
70 177 5255 5255
70 177 11079 11079
70 177 11080 11080
70 177 11081 11081
70 177 5254 5254
70 177 5253 5253
70 177 11082 11082
70 177 11083 11083
70 177 11084 11084
70 177 11085 11085
70 177 5252 5252
70 177 5251 5251
70 177 11086 11086
70 177 5250 5250
70 177 5249 5249
70 177 11087 11087
70 177 11088 11088
70 177 11089 11089
70 177 5248 5248
70 177 5247 5247
70 177 11090 11090
70 177 5246 5246
70 177 5245 5245
70 177 5244 5244
69 69 5244 11090
69 177 5243 5243
69 177 5242 5242
69 177 5241 5241
69 177 5240 5240
69 177 11091 11091
69 177 5239 5239
69 177 11092 11092
69 177 5238 5238
69 177 5237 5237
69 177 11093 11093
69 177 5236 5236
69 177 11094 11094
69 177 11095 11095
69 177 11096 11096
69 177 11097 11097
69 177 11098 11098
69 177 5235 5235
69 177 5234 5234
69 177 5233 5233
69 177 11099 11099
69 177 11100 11100
69 177 5232 5232
69 177 11101 11101
69 177 5231 5231
69 177 5230 5230
69 177 11102 11102
69 177 5229 5229
69 177 5228 5228
69 177 5227 5227
69 177 11103 11103
69 177 11104 11104
69 177 11105 11105
69 177 5226 5226
69 177 5225 5225
69 177 5224 5224
69 177 11106 11106
69 177 5223 5223
69 177 5222 5222
69 177 11107 11107
69 177 5221 5221
69 177 5220 5220
68 68 5220 11107
68 177 11108 11108
68 177 5219 5219
68 177 11109 11109
68 177 11110 11110
68 177 11111 11111
68 177 11112 11112
68 177 11113 11113
68 177 11114 11114
68 177 11115 11115
68 177 11116 11116
68 177 5218 5218
68 177 5217 5217
68 177 5216 5216
68 177 11117 11117
68 177 5215 5215
68 177 5214 5214
68 177 11118 11118
178 178 5214 11118
68 178 5213 5213
68 178 11119 11119
68 178 11120 11120
68 178 11121 11121
68 178 11122 11122
68 178 11123 11123
68 178 11124 11124
68 178 5212 5212
68 178 11125 11125
68 178 5211 5211
68 178 5210 5210
68 178 5209 5209
68 178 5208 5208
68 178 5207 5207
68 178 11126 11126
68 178 5206 5206
179 179 5206 11126
68 179 11127 11127
68 179 5205 5205
68 179 11128 11128
68 179 5204 5204
68 179 11129 11129
68 179 11130 11130
68 179 5203 5203
68 179 11131 11131
68 179 5202 5202
68 179 5201 5201
68 179 11132 11132
68 179 11133 11133
68 179 11134 11134
68 179 5200 5200
68 179 5199 5199
68 179 5198 5198
68 179 5197 5197
68 179 11135 11135
68 179 11136 11136
68 179 5196 5196
68 179 5195 5195
68 179 11137 11137
68 179 11138 11138
68 179 5194 5194
68 179 11139 11139
68 179 11140 11140
68 179 5193 5193
68 179 11141 11141
68 179 11142 11142
68 179 11143 11143
68 179 11144 11144
68 179 5192 5192
68 179 5191 5191
68 179 5190 5190
68 179 11145 11145
68 179 11146 11146
68 179 11147 11147
68 179 5189 5189
68 179 5188 5188
68 179 11148 11148
68 179 5187 5187
68 179 11149 11149
68 179 5186 5186
68 179 5185 5185
68 179 5184 5184
68 179 5183 5183
68 179 11150 11150
68 179 5182 5182
68 179 5181 5181
68 179 5180 5180
68 179 5179 5179
68 179 11151 11151
68 179 11152 11152
68 179 5178 5178
68 179 11153 11153
68 179 5177 5177
68 179 5176 5176
68 179 5175 5175
68 179 11154 11154
68 179 11155 11155
68 179 5174 5174
68 179 5173 5173
68 179 11156 11156
68 179 5172 5172
68 179 11157 11157
68 179 5171 5171
68 179 5170 5170
68 179 5169 5169
68 179 5168 5168
68 179 5167 5167
68 179 5166 5166
68 179 11158 11158
68 179 11159 11159
68 179 5165 5165
68 179 5164 5164
68 179 11160 11160
68 179 5163 5163
68 179 11161 11161
68 179 5162 5162
68 179 5161 5161
68 179 11162 11162
68 179 11163 11163
68 179 11164 11164
68 179 11165 11165
68 179 5160 5160
68 179 11166 11166
68 179 11167 11167
68 179 5159 5159
68 179 5158 5158
68 179 5157 5157
68 179 11168 11168
68 179 11169 11169
68 179 5156 5156
68 179 5155 5155
68 179 11170 11170
68 179 5154 5154
68 179 11171 11171
68 179 5153 5153
68 179 5152 5152
68 179 11172 11172
68 179 11173 11173
68 179 11174 11174
68 179 5151 5151
68 179 11175 11175
68 179 5150 5150
68 179 11176 11176
68 179 5149 5149
68 179 11177 11177
68 179 5148 5148
68 179 11178 11178
68 179 11179 11179
68 179 11180 11180
68 179 5147 5147
68 179 5146 5146
68 179 5145 5145
68 179 11181 11181
68 179 11182 11182
68 179 11183 11183
68 179 11184 11184
68 179 11185 11185
68 179 11186 11186
68 179 5144 5144
68 179 5143 5143
68 179 5142 5142
68 179 5141 5141
68 179 11187 11187
68 179 11188 11188
68 179 5140 5140
68 179 11189 11189
68 179 11190 11190
180 180 5140 11190
68 180 11191 11191
68 180 11192 11192
68 180 11193 11193
68 180 5139 5139
68 180 11194 11194
68 180 11195 11195
68 180 11196 11196
68 180 5138 5138
68 180 11197 11197
68 180 5137 5137
68 180 11198 11198
68 180 5136 5136
68 180 11199 11199
68 180 11200 11200
68 180 11201 11201
68 180 5135 5135
68 180 11202 11202
68 180 11203 11203
181 181 5135 11203
68 181 5134 5134
68 181 11204 11204
68 181 11205 11205
68 181 11206 11206
68 181 5133 5133
68 181 11207 11207
68 181 11208 11208
68 181 5132 5132
68 181 11209 11209
68 181 5131 5131
68 181 5130 5130
68 181 11210 11210
68 181 5129 5129
68 181 5128 5128
68 181 11211 11211
68 181 5127 5127
68 181 11212 11212
68 181 11213 11213
68 181 11214 11214
68 181 11215 11215
68 181 5126 5126
68 181 11216 11216
68 181 11217 11217
68 181 11218 11218
68 181 11219 11219
68 181 11220 11220
68 181 5125 5125
68 181 5124 5124
68 181 5123 5123
68 181 5122 5122
68 181 5121 5121
68 181 5120 5120
68 181 11221 11221
68 181 11222 11222
68 181 11223 11223
68 181 5119 5119
68 181 5118 5118
68 181 5117 5117
68 181 11224 11224
68 181 11225 11225
68 181 11226 11226
68 181 5116 5116
68 181 5115 5115
68 181 11227 11227
68 181 5114 5114
68 181 5113 5113
68 181 5112 5112
68 181 5111 5111
68 181 5110 5110
68 181 5109 5109
68 181 11228 11228
68 181 5108 5108
68 181 11229 11229
68 181 11230 11230
68 181 5107 5107
68 181 11231 11231
68 181 11232 11232
68 181 5106 5106
68 181 11233 11233
68 181 5105 5105
68 181 11234 11234
68 181 5104 5104
68 181 5103 5103
68 181 5102 5102
68 181 5101 5101
68 181 5100 5100
68 181 11235 11235
68 181 5099 5099
68 181 11236 11236
68 181 11237 11237
68 181 5098 5098
68 181 5097 5097
68 181 5096 5096
68 181 5095 5095
68 181 5094 5094
68 181 5093 5093
68 181 5092 5092
68 181 11238 11238
68 181 11239 11239
182 182 5092 11239
68 182 11240 11240
68 182 11241 11241
68 182 5091 5091
68 182 5090 5090
68 182 11242 11242
68 182 11243 11243
68 182 5089 5089
68 182 5088 5088
68 182 5087 5087
68 182 11244 11244
68 182 11245 11245
68 182 11246 11246
68 182 5086 5086
68 182 11247 11247
68 182 11248 11248
68 182 5085 5085
68 182 11249 11249
68 182 5084 5084
68 182 11250 11250
68 182 5083 5083
68 182 11251 11251
183 183 5083 11251
68 183 5082 5082
68 183 11252 11252
68 183 5081 5081
68 183 5080 5080
68 183 11253 11253
68 183 11254 11254
68 183 11255 11255
68 183 11256 11256
68 183 11257 11257
68 183 11258 11258
68 183 5079 5079
68 183 11259 11259
68 183 11260 11260
68 183 11261 11261
68 183 11262 11262
68 183 5078 5078
68 183 5077 5077
68 183 5076 5076
68 183 5075 5075
68 183 5074 5074
68 183 5073 5073
68 183 5072 5072
68 183 5071 5071
68 183 11263 11263
68 183 5070 5070
68 183 11264 11264
68 183 11265 11265
68 183 5069 5069
68 183 11266 11266
68 183 5068 5068
68 183 11267 11267
67 67 5068 11267
67 183 5067 5067
67 183 5066 5066
67 183 5065 5065
67 183 11268 11268
67 183 5064 5064
67 183 5063 5063
67 183 11269 11269
67 183 5062 5062
67 183 11270 11270
67 183 5061 5061
67 183 5060 5060
67 183 11271 11271
67 183 5059 5059
67 183 11272 11272
67 183 11273 11273
67 183 11274 11274
67 183 11275 11275
67 183 5058 5058
67 183 11276 11276
67 183 11277 11277
67 183 11278 11278
67 183 11279 11279
67 183 5057 5057
67 183 5056 5056
67 183 11280 11280
67 183 5055 5055
67 183 5054 5054
67 183 5053 5053
67 183 11281 11281
67 183 11282 11282
67 183 5052 5052
67 183 5051 5051
67 183 11283 11283
67 183 11284 11284
67 183 5050 5050
67 183 11285 11285
67 183 11286 11286
67 183 11287 11287
67 183 5049 5049
67 183 5048 5048
67 183 11288 11288
67 183 5047 5047
67 183 11289 11289
67 183 11290 11290
67 183 5046 5046
67 183 11291 11291
67 183 5045 5045
67 183 5044 5044
67 183 11292 11292
67 183 11293 11293
67 183 5043 5043
67 183 5042 5042
67 183 11294 11294
67 183 11295 11295
67 183 11296 11296
67 183 11297 11297
67 183 5041 5041
67 183 11298 11298
184 184 5041 11298
67 184 11299 11299
67 184 5040 5040
67 184 11300 11300
67 184 11301 11301
67 184 5039 5039
67 184 5038 5038
67 184 11302 11302
67 184 5037 5037
67 184 5036 5036
67 184 5035 5035
67 184 11303 11303
67 184 5034 5034
66 66 5034 11303
66 184 5033 5033
66 184 11304 11304
66 184 5032 5032
66 184 5031 5031
66 184 5030 5030
66 184 11305 11305
66 184 5029 5029
66 184 5028 5028
66 184 5027 5027
66 184 11306 11306
66 184 11307 11307
66 184 5026 5026
66 184 11308 11308
66 184 11309 11309
66 184 5025 5025
66 184 5024 5024
66 184 11310 11310
66 184 5023 5023
66 184 11311 11311
66 184 5022 5022
66 184 5021 5021
66 184 11312 11312
66 184 11313 11313
66 184 11314 11314
66 184 5020 5020
66 184 11315 11315
66 184 5019 5019
66 184 5018 5018
66 184 11316 11316
66 184 11317 11317
66 184 11318 11318
66 184 11319 11319
66 184 5017 5017
66 184 5016 5016
66 184 5015 5015
66 184 5014 5014
66 184 5013 5013
66 184 5012 5012
66 184 5011 5011
66 184 5010 5010
66 184 5009 5009
66 184 5008 5008
66 184 5007 5007
66 184 11320 11320
66 184 11321 11321
66 184 11322 11322
66 184 5006 5006
66 184 11323 11323
66 184 5005 5005
66 184 11324 11324
66 184 11325 11325
66 184 5004 5004
66 184 5003 5003
66 184 5002 5002
66 184 5001 5001
66 184 11326 11326
66 184 5000 5000
66 184 4999 4999
66 184 11327 11327
66 184 4998 4998
66 184 11328 11328
66 184 11329 11329
66 184 11330 11330
185 185 4998 11330
66 185 4997 4997
66 185 4996 4996
66 185 11331 11331
66 185 11332 11332
66 185 4995 4995
66 185 11333 11333
65 65 4995 11333
65 185 11334 11334
65 185 11335 11335
65 185 4994 4994
65 185 11336 11336
65 185 4993 4993
65 185 11337 11337
65 185 4992 4992
65 185 4991 4991
65 185 11338 11338
65 185 11339 11339
65 185 11340 11340
65 185 4990 4990
65 185 4989 4989
65 185 4988 4988
65 185 4987 4987
65 185 4986 4986
65 185 4985 4985
65 185 4984 4984
65 185 4983 4983
65 185 11341 11341
65 185 4982 4982
65 185 4981 4981
65 185 11342 11342
65 185 11343 11343
65 185 4980 4980
65 185 11344 11344
65 185 11345 11345
65 185 11346 11346
65 185 11347 11347
65 185 11348 11348
65 185 4979 4979
65 185 11349 11349
65 185 11350 11350
65 185 11351 11351
65 185 11352 11352
65 185 11353 11353
65 185 4978 4978
65 185 11354 11354
65 185 11355 11355
65 185 11356 11356
65 185 11357 11357
65 185 4977 4977
65 185 4976 4976
65 185 4975 4975
186 186 4975 11357
65 186 4974 4974
65 186 11358 11358
65 186 11359 11359
65 186 4973 4973
65 186 4972 4972
65 186 4971 4971
65 186 11360 11360
65 186 4970 4970
65 186 4969 4969
65 186 11361 11361
65 186 11362 11362
65 186 11363 11363
65 186 4968 4968
65 186 11364 11364
65 186 11365 11365
65 186 4967 4967
65 186 11366 11366
65 186 11367 11367
65 186 11368 11368
65 186 4966 4966
65 186 11369 11369
65 186 4965 4965
65 186 4964 4964
65 186 11370 11370
65 186 11371 11371
65 186 4963 4963
65 186 11372 11372
65 186 11373 11373
65 186 11374 11374
65 186 4962 4962
65 186 11375 11375
65 186 4961 4961
65 186 4960 4960
65 186 11376 11376
65 186 4959 4959
65 186 4958 4958
65 186 4957 4957
65 186 11377 11377
65 186 11378 11378
65 186 4956 4956
65 186 4955 4955
65 186 4954 4954
65 186 4953 4953
65 186 4952 4952
65 186 4951 4951
65 186 4950 4950
65 186 11379 11379
65 186 4949 4949
65 186 4948 4948
65 186 11380 11380
65 186 4947 4947
65 186 11381 11381
65 186 11382 11382
65 186 11383 11383
65 186 4946 4946
65 186 4945 4945
65 186 11384 11384
187 187 4945 11384
65 187 4944 4944
65 187 11385 11385
64 64 4944 11385
64 187 4943 4943
64 187 11386 11386
64 187 11387 11387
64 187 4942 4942
64 187 4941 4941
64 187 11388 11388
64 187 4940 4940
64 187 11389 11389
64 187 11390 11390
64 187 4939 4939
64 187 4938 4938
64 187 11391 11391
64 187 4937 4937
64 187 11392 11392
64 187 4936 4936
64 187 11393 11393
64 187 4935 4935
64 187 4934 4934
64 187 4933 4933
64 187 4932 4932
64 187 11394 11394
64 187 4931 4931
64 187 11395 11395
64 187 11396 11396
64 187 4930 4930
64 187 4929 4929
64 187 11397 11397
64 187 11398 11398
64 187 4928 4928
64 187 11399 11399
64 187 11400 11400
64 187 4927 4927
64 187 4926 4926
64 187 4925 4925
64 187 11401 11401
64 187 11402 11402
64 187 11403 11403
64 187 4924 4924
64 187 4923 4923
64 187 11404 11404
64 187 11405 11405
64 187 4922 4922
64 187 4921 4921
64 187 11406 11406
64 187 11407 11407
64 187 11408 11408
64 187 11409 11409
64 187 11410 11410
64 187 4920 4920
64 187 4919 4919
64 187 11411 11411
64 187 4918 4918
64 187 4917 4917
64 187 4916 4916
64 187 11412 11412
64 187 11413 11413
64 187 11414 11414
64 187 11415 11415
64 187 4915 4915
64 187 4914 4914
64 187 11416 11416
64 187 4913 4913
64 187 11417 11417
64 187 11418 11418
64 187 11419 11419
64 187 4912 4912
64 187 11420 11420
64 187 11421 11421
64 187 11422 11422
64 187 4911 4911
64 187 11423 11423
64 187 4910 4910
64 187 4909 4909
64 187 11424 11424
64 187 11425 11425
64 187 11426 11426
64 187 11427 11427
64 187 11428 11428
64 187 11429 11429
64 187 4908 4908
64 187 4907 4907
64 187 11430 11430
64 187 11431 11431
64 187 11432 11432
64 187 4906 4906
64 187 11433 11433
64 187 11434 11434
64 187 4905 4905
64 187 4904 4904
64 187 4903 4903
64 187 4902 4902
64 187 11435 11435
64 187 11436 11436
64 187 11437 11437
64 187 4901 4901
64 187 4900 4900
64 187 4899 4899
64 187 11438 11438
64 187 11439 11439
64 187 4898 4898
64 187 11440 11440
64 187 4897 4897
188 188 4897 11440
64 188 4896 4896
64 188 4895 4895
64 188 4894 4894
64 188 4893 4893
64 188 11441 11441
64 188 11442 11442
64 188 11443 11443
64 188 4892 4892
64 188 4891 4891
64 188 11444 11444
64 188 11445 11445
64 188 4890 4890
64 188 11446 11446
64 188 4889 4889
64 188 4888 4888
64 188 4887 4887
64 188 4886 4886
64 188 4885 4885
64 188 4884 4884
64 188 4883 4883
64 188 11447 11447
64 188 11448 11448
64 188 4882 4882
64 188 4881 4881
64 188 11449 11449
63 63 4881 11449
63 188 11450 11450
63 188 4880 4880
63 188 11451 11451
63 188 4879 4879
63 188 11452 11452
63 188 4878 4878
63 188 4877 4877
63 188 4876 4876
63 188 4875 4875
63 188 4874 4874
63 188 11453 11453
63 188 4873 4873
63 188 4872 4872
63 188 4871 4871
63 188 4870 4870
63 188 11454 11454
62 62 4870 11454
62 188 4869 4869
62 188 4868 4868
62 188 4867 4867
62 188 4866 4866
62 188 4865 4865
62 188 11455 11455
62 188 11456 11456
62 188 4864 4864
62 188 11457 11457
62 188 11458 11458
62 188 4863 4863
62 188 11459 11459
62 188 11460 11460
62 188 4862 4862
62 188 4861 4861
62 188 4860 4860
62 188 4859 4859
62 188 4858 4858
62 188 4857 4857
62 188 4856 4856
62 188 4855 4855
62 188 11461 11461
62 188 11462 11462
62 188 11463 11463
62 188 11464 11464
62 188 4854 4854
62 188 4853 4853
62 188 4852 4852
62 188 4851 4851
62 188 11465 11465
62 188 11466 11466
62 188 11467 11467
62 188 11468 11468
62 188 4850 4850
62 188 4849 4849
62 188 4848 4848
62 188 4847 4847
62 188 11469 11469
62 188 4846 4846
62 188 11470 11470
62 188 11471 11471
62 188 4845 4845
62 188 4844 4844
62 188 11472 11472
62 188 4843 4843
62 188 11473 11473
62 188 11474 11474
62 188 4842 4842
62 188 11475 11475
62 188 11476 11476
62 188 4841 4841
62 188 11477 11477
62 188 4840 4840
62 188 4839 4839
62 188 11478 11478
62 188 4838 4838
62 188 4837 4837
62 188 11479 11479
62 188 4836 4836
62 188 4835 4835
62 188 11480 11480
62 188 11481 11481
62 188 4834 4834
62 188 4833 4833
62 188 4832 4832
62 188 4831 4831
62 188 4830 4830
62 188 4829 4829
62 188 4828 4828
189 189 4828 11481
62 189 4827 4827
62 189 11482 11482
62 189 11483 11483
62 189 11484 11484
62 189 4826 4826
62 189 11485 11485
62 189 4825 4825
62 189 11486 11486
62 189 4824 4824
62 189 4823 4823
62 189 11487 11487
62 189 4822 4822
62 189 4821 4821
62 189 4820 4820
62 189 4819 4819
62 189 11488 11488
62 189 4818 4818
62 189 11489 11489
62 189 4817 4817
62 189 11490 11490
62 189 11491 11491
62 189 4816 4816
62 189 11492 11492
62 189 4815 4815
62 189 4814 4814
62 189 4813 4813
62 189 11493 11493
62 189 11494 11494
62 189 4812 4812
62 189 4811 4811
62 189 4810 4810
62 189 4809 4809
62 189 4808 4808
62 189 11495 11495
62 189 4807 4807
62 189 11496 11496
62 189 4806 4806
62 189 11497 11497
62 189 4805 4805
62 189 4804 4804
62 189 4803 4803
62 189 4802 4802
62 189 4801 4801
62 189 11498 11498
62 189 11499 11499
62 189 11500 11500
62 189 4800 4800
62 189 4799 4799
62 189 4798 4798
62 189 4797 4797
62 189 11501 11501
62 189 4796 4796
62 189 11502 11502
62 189 4795 4795
62 189 11503 11503
62 189 11504 11504
62 189 4794 4794
62 189 11505 11505
62 189 11506 11506
62 189 4793 4793
62 189 11507 11507
62 189 11508 11508
62 189 4792 4792
62 189 11509 11509
62 189 4791 4791
62 189 11510 11510
62 189 11511 11511
62 189 4790 4790
62 189 11512 11512
62 189 4789 4789
62 189 4788 4788
62 189 4787 4787
62 189 11513 11513
62 189 11514 11514
62 189 4786 4786
62 189 11515 11515
62 189 4785 4785
62 189 4784 4784
62 189 11516 11516
62 189 4783 4783
62 189 11517 11517
62 189 4782 4782
62 189 11518 11518
62 189 4781 4781
62 189 4780 4780
62 189 11519 11519
62 189 4779 4779
62 189 11520 11520
62 189 11521 11521
62 189 4778 4778
62 189 4777 4777
62 189 11522 11522
62 189 11523 11523
62 189 11524 11524
62 189 4776 4776
62 189 11525 11525
62 189 4775 4775
62 189 11526 11526
62 189 11527 11527
62 189 11528 11528
62 189 11529 11529
62 189 4774 4774
62 189 4773 4773
62 189 11530 11530
62 189 4772 4772
62 189 4771 4771
62 189 11531 11531
62 189 11532 11532
62 189 4770 4770
62 189 11533 11533
62 189 11534 11534
62 189 4769 4769
62 189 4768 4768
62 189 4767 4767
62 189 4766 4766
62 189 11535 11535
62 189 11536 11536
62 189 11537 11537
62 189 11538 11538
62 189 11539 11539
62 189 4765 4765
62 189 4764 4764
62 189 4763 4763
62 189 4762 4762
62 189 11540 11540
62 189 11541 11541
62 189 11542 11542
62 189 4761 4761
62 189 11543 11543
62 189 4760 4760
62 189 4759 4759
62 189 4758 4758
62 189 4757 4757
62 189 4756 4756
62 189 11544 11544
62 189 11545 11545
62 189 4755 4755
62 189 4754 4754
62 189 11546 11546
62 189 11547 11547
62 189 4753 4753
62 189 11548 11548
62 189 11549 11549
62 189 11550 11550
62 189 4752 4752
62 189 11551 11551
62 189 11552 11552
62 189 11553 11553
62 189 4751 4751
62 189 4750 4750
62 189 4749 4749
62 189 4748 4748
62 189 11554 11554
62 189 4747 4747
62 189 11555 11555
62 189 4746 4746
62 189 4745 4745
62 189 4744 4744
62 189 4743 4743
62 189 4742 4742
62 189 11556 11556
62 189 11557 11557
61 61 4742 11557
61 189 4741 4741
61 189 4740 4740
61 189 4739 4739
61 189 11558 11558
61 189 4738 4738
61 189 4737 4737
61 189 4736 4736
61 189 11559 11559
61 189 4735 4735
61 189 4734 4734
61 189 11560 11560
61 189 4733 4733
61 189 4732 4732
61 189 11561 11561
61 189 11562 11562
61 189 11563 11563
61 189 4731 4731
61 189 4730 4730
61 189 4729 4729
61 189 11564 11564
61 189 11565 11565
61 189 11566 11566
61 189 4728 4728
61 189 4727 4727
61 189 4726 4726
61 189 4725 4725
61 189 11567 11567
61 189 11568 11568
61 189 11569 11569
61 189 11570 11570
61 189 11571 11571
61 189 11572 11572
61 189 4724 4724
61 189 4723 4723
61 189 11573 11573
61 189 4722 4722
61 189 11574 11574
61 189 11575 11575
61 189 4721 4721
61 189 4720 4720
61 189 4719 4719
61 189 11576 11576
61 189 11577 11577
61 189 4718 4718
61 189 11578 11578
61 189 11579 11579
61 189 11580 11580
61 189 11581 11581
61 189 4717 4717
61 189 11582 11582
61 189 11583 11583
61 189 4716 4716
61 189 11584 11584
61 189 11585 11585
61 189 4715 4715
61 189 4714 4714
61 189 4713 4713
61 189 11586 11586
61 189 11587 11587
61 189 4712 4712
61 189 11588 11588
61 189 11589 11589
61 189 4711 4711
61 189 11590 11590
61 189 4710 4710
61 189 11591 11591
61 189 11592 11592
61 189 4709 4709
61 189 4708 4708
61 189 4707 4707
61 189 11593 11593
61 189 4706 4706
61 189 11594 11594
61 189 4705 4705
61 189 11595 11595
61 189 11596 11596
61 189 4704 4704
61 189 11597 11597
61 189 4703 4703
61 189 11598 11598
61 189 11599 11599
61 189 11600 11600
61 189 11601 11601
61 189 11602 11602
61 189 11603 11603
61 189 11604 11604
61 189 11605 11605
61 189 11606 11606
61 189 11607 11607
61 189 11608 11608
61 189 4702 4702
61 189 11609 11609
61 189 11610 11610
61 189 11611 11611
190 190 4702 11611
61 190 11612 11612
61 190 4701 4701
61 190 11613 11613
61 190 11614 11614
61 190 4700 4700
61 190 11615 11615
61 190 4699 4699
61 190 4698 4698
61 190 4697 4697
61 190 11616 11616
61 190 11617 11617
61 190 11618 11618
61 190 11619 11619
61 190 11620 11620
61 190 4696 4696
61 190 4695 4695
61 190 4694 4694
61 190 11621 11621
61 190 11622 11622
61 190 11623 11623
61 190 11624 11624
61 190 4693 4693
61 190 4692 4692
61 190 4691 4691
61 190 4690 4690
61 190 11625 11625
61 190 11626 11626
61 190 4689 4689
61 190 4688 4688
61 190 4687 4687
61 190 11627 11627
61 190 4686 4686
61 190 4685 4685
61 190 4684 4684
61 190 11628 11628
61 190 4683 4683
61 190 11629 11629
61 190 11630 11630
61 190 4682 4682
61 190 11631 11631
61 190 11632 11632
61 190 4681 4681
61 190 11633 11633
61 190 11634 11634
61 190 4680 4680
61 190 11635 11635
61 190 11636 11636
61 190 4679 4679
61 190 4678 4678
61 190 4677 4677
61 190 4676 4676
61 190 11637 11637
61 190 4675 4675
61 190 4674 4674
61 190 11638 11638
61 190 11639 11639
61 190 11640 11640
61 190 11641 11641
61 190 11642 11642
61 190 4673 4673
61 190 11643 11643
61 190 4672 4672
61 190 4671 4671
61 190 11644 11644
61 190 4670 4670
61 190 4669 4669
61 190 4668 4668
61 190 4667 4667
61 190 11645 11645
61 190 11646 11646
61 190 11647 11647
61 190 11648 11648
61 190 4666 4666
61 190 4665 4665
61 190 11649 11649
61 190 4664 4664
61 190 11650 11650
61 190 11651 11651
61 190 4663 4663
61 190 4662 4662
61 190 11652 11652
61 190 11653 11653
61 190 11654 11654
61 190 11655 11655
61 190 4661 4661
61 190 11656 11656
61 190 4660 4660
61 190 11657 11657
61 190 4659 4659
61 190 11658 11658
61 190 4658 4658
61 190 11659 11659
61 190 11660 11660
61 190 11661 11661
61 190 11662 11662
61 190 4657 4657
61 190 11663 11663
61 190 11664 11664
61 190 4656 4656
61 190 11665 11665
61 190 4655 4655
61 190 11666 11666
61 190 4654 4654
61 190 11667 11667
61 190 4653 4653
61 190 4652 4652
61 190 11668 11668
61 190 4651 4651
61 190 4650 4650
61 190 11669 11669
61 190 11670 11670
61 190 11671 11671
61 190 4649 4649
61 190 11672 11672
61 190 4648 4648
61 190 11673 11673
61 190 4647 4647
61 190 11674 11674
61 190 4646 4646
61 190 11675 11675
61 190 11676 11676
61 190 4645 4645
61 190 4644 4644
61 190 11677 11677
61 190 11678 11678
61 190 11679 11679
61 190 11680 11680
61 190 4643 4643
61 190 4642 4642
61 190 11681 11681
60 60 4642 11681
60 190 11682 11682
60 190 11683 11683
60 190 11684 11684
60 190 4641 4641
60 190 11685 11685
60 190 11686 11686
60 190 11687 11687
60 190 11688 11688
60 190 11689 11689
60 190 11690 11690
60 190 4640 4640
60 190 11691 11691
60 190 4639 4639
60 190 4638 4638
60 190 11692 11692
60 190 11693 11693
60 190 4637 4637
60 190 11694 11694
60 190 4636 4636
60 190 4635 4635
60 190 4634 4634
60 190 11695 11695
60 190 4633 4633
60 190 11696 11696
60 190 11697 11697
60 190 4632 4632
60 190 11698 11698
60 190 11699 11699
60 190 11700 11700
191 191 4632 11700
60 191 4631 4631
60 191 11701 11701
60 191 11702 11702
60 191 4630 4630
60 191 4629 4629
60 191 4628 4628
60 191 11703 11703
60 191 11704 11704
60 191 11705 11705
60 191 4627 4627
60 191 4626 4626
60 191 11706 11706
60 191 11707 11707
60 191 11708 11708
60 191 4625 4625
60 191 4624 4624
60 191 4623 4623
60 191 4622 4622
60 191 11709 11709
60 191 4621 4621
60 191 4620 4620
60 191 11710 11710
60 191 4619 4619
60 191 11711 11711
60 191 11712 11712
60 191 11713 11713
60 191 11714 11714
60 191 4618 4618
60 191 4617 4617
60 191 4616 4616
60 191 11715 11715
60 191 11716 11716
60 191 4615 4615
60 191 4614 4614
60 191 11717 11717
60 191 4613 4613
60 191 11718 11718
192 192 4613 11718
60 192 11719 11719
60 192 11720 11720
60 192 4612 4612
60 192 4611 4611
60 192 4610 4610
60 192 4609 4609
60 192 4608 4608
60 192 11721 11721
60 192 4607 4607
60 192 11722 11722
60 192 4606 4606
60 192 11723 11723
59 59 4606 11723
59 192 11724 11724
59 192 11725 11725
59 192 11726 11726
59 192 11727 11727
59 192 11728 11728
59 192 4605 4605
59 192 4604 4604
59 192 11729 11729
59 192 11730 11730
59 192 4603 4603
59 192 4602 4602
59 192 4601 4601
59 192 4600 4600
59 192 11731 11731
59 192 11732 11732
58 58 4600 11732
58 192 11733 11733
58 192 4599 4599
58 192 4598 4598
58 192 11734 11734
58 192 4597 4597
58 192 4596 4596
58 192 11735 11735
58 192 11736 11736
58 192 11737 11737
58 192 4595 4595
58 192 11738 11738
58 192 4594 4594
58 192 11739 11739
58 192 4593 4593
58 192 11740 11740
58 192 4592 4592
58 192 11741 11741
58 192 4591 4591
58 192 4590 4590
58 192 4589 4589
58 192 4588 4588
58 192 4587 4587
58 192 11742 11742
58 192 11743 11743
58 192 11744 11744
58 192 11745 11745
58 192 11746 11746
58 192 11747 11747
58 192 11748 11748
58 192 4586 4586
58 192 11749 11749
58 192 11750 11750
58 192 4585 4585
58 192 4584 4584
58 192 4583 4583
58 192 11751 11751
58 192 11752 11752
58 192 11753 11753
58 192 4582 4582
58 192 4581 4581
58 192 11754 11754
58 192 4580 4580
58 192 11755 11755
58 192 4579 4579
58 192 4578 4578
58 192 11756 11756
58 192 4577 4577
58 192 4576 4576
58 192 11757 11757
58 192 4575 4575
58 192 11758 11758
58 192 11759 11759
58 192 11760 11760
58 192 11761 11761
58 192 4574 4574
58 192 4573 4573
58 192 11762 11762
58 192 4572 4572
58 192 11763 11763
58 192 4571 4571
58 192 4570 4570
58 192 11764 11764
58 192 11765 11765
58 192 4569 4569
58 192 11766 11766
58 192 11767 11767
193 193 4569 11767
58 193 11768 11768
58 193 11769 11769
58 193 11770 11770
58 193 11771 11771
58 193 4568 4568
58 193 4567 4567
58 193 11772 11772
58 193 11773 11773
58 193 11774 11774
58 193 11775 11775
58 193 11776 11776
58 193 11777 11777
58 193 4566 4566
58 193 4565 4565
58 193 11778 11778
58 193 11779 11779
58 193 11780 11780
58 193 11781 11781
58 193 11782 11782
58 193 4564 4564
58 193 4563 4563
58 193 4562 4562
58 193 4561 4561
58 193 11783 11783
58 193 4560 4560
58 193 11784 11784
58 193 4559 4559
58 193 4558 4558
58 193 4557 4557
58 193 4556 4556
58 193 4555 4555
58 193 11785 11785
58 193 11786 11786
58 193 11787 11787
58 193 11788 11788
58 193 11789 11789
58 193 11790 11790
58 193 11791 11791
58 193 4554 4554
58 193 4553 4553
58 193 11792 11792
58 193 4552 4552
58 193 4551 4551
58 193 11793 11793
57 57 4551 11793
57 193 11794 11794
57 193 4550 4550
57 193 11795 11795
57 193 4549 4549
57 193 4548 4548
57 193 11796 11796
57 193 4547 4547
57 193 4546 4546
57 193 4545 4545
57 193 4544 4544
57 193 4543 4543
57 193 4542 4542
57 193 4541 4541
57 193 4540 4540
57 193 11797 11797
57 193 4539 4539
57 193 4538 4538
57 193 4537 4537
57 193 11798 11798
57 193 4536 4536
57 193 4535 4535
57 193 4534 4534
57 193 11799 11799
57 193 11800 11800
57 193 11801 11801
57 193 4533 4533
57 193 11802 11802
57 193 4532 4532
57 193 4531 4531
57 193 11803 11803
57 193 11804 11804
57 193 11805 11805
57 193 4530 4530
57 193 4529 4529
57 193 11806 11806
57 193 11807 11807
57 193 11808 11808
57 193 4528 4528
57 193 11809 11809
57 193 11810 11810
57 193 4527 4527
57 193 4526 4526
57 193 4525 4525
57 193 11811 11811
57 193 4524 4524
57 193 11812 11812
57 193 4523 4523
57 193 11813 11813
57 193 4522 4522
57 193 4521 4521
57 193 4520 4520
57 193 11814 11814
194 194 4520 11814
57 194 11815 11815
57 194 4519 4519
57 194 11816 11816
57 194 11817 11817
57 194 11818 11818
57 194 11819 11819
57 194 4518 4518
57 194 4517 4517
57 194 4516 4516
57 194 11820 11820
57 194 4515 4515
57 194 4514 4514
57 194 11821 11821
57 194 4513 4513
57 194 11822 11822
57 194 11823 11823
57 194 4512 4512
57 194 4511 4511
57 194 11824 11824
57 194 4510 4510
57 194 4509 4509
57 194 11825 11825
57 194 4508 4508
57 194 11826 11826
57 194 4507 4507
57 194 11827 11827
57 194 11828 11828
57 194 4506 4506
57 194 4505 4505
57 194 11829 11829
57 194 11830 11830
57 194 4504 4504
57 194 11831 11831
57 194 4503 4503
57 194 4502 4502
57 194 4501 4501
57 194 11832 11832
57 194 11833 11833
57 194 4500 4500
57 194 4499 4499
57 194 4498 4498
57 194 4497 4497
57 194 11834 11834
57 194 4496 4496
57 194 11835 11835
57 194 11836 11836
57 194 11837 11837
57 194 11838 11838
57 194 11839 11839
57 194 4495 4495
57 194 4494 4494
57 194 11840 11840
57 194 11841 11841
57 194 4493 4493
195 195 4493 11841
57 195 4492 4492
57 195 11842 11842
57 195 11843 11843
57 195 11844 11844
57 195 11845 11845
57 195 4491 4491
57 195 4490 4490
57 195 11846 11846
57 195 4489 4489
57 195 4488 4488
57 195 4487 4487
57 195 11847 11847
57 195 4486 4486
57 195 11848 11848
57 195 4485 4485
57 195 4484 4484
57 195 4483 4483
57 195 4482 4482
57 195 11849 11849
57 195 4481 4481
57 195 11850 11850
57 195 11851 11851
57 195 4480 4480
57 195 11852 11852
57 195 11853 11853
57 195 4479 4479
57 195 11854 11854
57 195 4478 4478
57 195 11855 11855
57 195 4477 4477
57 195 4476 4476
57 195 11856 11856
57 195 11857 11857
57 195 11858 11858
57 195 11859 11859
57 195 11860 11860
57 195 4475 4475
57 195 4474 4474
57 195 4473 4473
57 195 11861 11861
57 195 4472 4472
57 195 4471 4471
57 195 4470 4470
57 195 4469 4469
57 195 4468 4468
57 195 4467 4467
57 195 11862 11862
57 195 4466 4466
57 195 11863 11863
56 56 4466 11863
56 195 4465 4465
56 195 11864 11864
56 195 11865 11865
56 195 11866 11866
56 195 11867 11867
56 195 4464 4464
56 195 4463 4463
56 195 11868 11868
56 195 11869 11869
56 195 11870 11870
56 195 4462 4462
56 195 11871 11871
56 195 11872 11872
56 195 4461 4461
56 195 4460 4460
56 195 4459 4459
56 195 4458 4458
56 195 4457 4457
56 195 4456 4456
56 195 11873 11873
56 195 11874 11874
56 195 4455 4455
56 195 4454 4454
56 195 4453 4453
56 195 11875 11875
56 195 11876 11876
56 195 11877 11877
56 195 11878 11878
56 195 4452 4452
56 195 4451 4451
56 195 11879 11879
56 195 11880 11880
56 195 11881 11881
56 195 4450 4450
56 195 11882 11882
56 195 11883 11883
56 195 4449 4449
56 195 4448 4448
56 195 11884 11884
56 195 11885 11885
56 195 11886 11886
56 195 11887 11887
55 55 4448 11887
55 195 4447 4447
55 195 4446 4446
55 195 11888 11888
55 195 11889 11889
55 195 11890 11890
55 195 4445 4445
55 195 4444 4444
55 195 11891 11891
55 195 11892 11892
55 195 4443 4443
55 195 4442 4442
55 195 4441 4441
55 195 11893 11893
55 195 4440 4440
55 195 11894 11894
55 195 4439 4439
55 195 11895 11895
55 195 11896 11896
55 195 11897 11897
55 195 11898 11898
55 195 4438 4438
55 195 11899 11899
55 195 11900 11900
55 195 11901 11901
55 195 11902 11902
55 195 11903 11903
55 195 11904 11904
55 195 11905 11905
55 195 4437 4437
55 195 11906 11906
55 195 4436 4436
55 195 4435 4435
55 195 4434 4434
55 195 4433 4433
55 195 4432 4432
55 195 4431 4431
55 195 11907 11907
55 195 4430 4430
55 195 11908 11908
55 195 11909 11909
55 195 11910 11910
55 195 4429 4429
55 195 11911 11911
55 195 4428 4428
55 195 11912 11912
55 195 11913 11913
55 195 11914 11914
55 195 11915 11915
55 195 11916 11916
55 195 11917 11917
55 195 11918 11918
55 195 4427 4427
55 195 4426 4426
55 195 11919 11919
55 195 11920 11920
55 195 4425 4425
55 195 4424 4424
55 195 4423 4423
55 195 4422 4422
55 195 4421 4421
55 195 11921 11921
55 195 4420 4420
55 195 4419 4419
55 195 4418 4418
55 195 4417 4417
55 195 11922 11922
55 195 11923 11923
55 195 4416 4416
55 195 4415 4415
55 195 11924 11924
55 195 4414 4414
55 195 11925 11925
55 195 4413 4413
55 195 4412 4412
55 195 4411 4411
55 195 4410 4410
55 195 11926 11926
55 195 4409 4409
55 195 4408 4408
55 195 11927 11927
55 195 11928 11928
55 195 11929 11929
55 195 4407 4407
55 195 4406 4406
55 195 11930 11930
55 195 4405 4405
55 195 11931 11931
55 195 4404 4404
55 195 4403 4403
55 195 11932 11932
55 195 4402 4402
55 195 11933 11933
55 195 11934 11934
55 195 4401 4401
55 195 4400 4400
55 195 11935 11935
55 195 11936 11936
55 195 4399 4399
55 195 4398 4398
55 195 11937 11937
55 195 11938 11938
55 195 11939 11939
55 195 11940 11940
55 195 11941 11941
55 195 11942 11942
55 195 11943 11943
55 195 11944 11944
55 195 4397 4397
55 195 11945 11945
55 195 11946 11946
55 195 4396 4396
55 195 4395 4395
55 195 4394 4394
55 195 4393 4393
55 195 4392 4392
55 195 11947 11947
55 195 11948 11948
55 195 11949 11949
55 195 4391 4391
196 196 4391 11949
55 196 4390 4390
55 196 4389 4389
55 196 4388 4388
55 196 4387 4387
55 196 11950 11950
55 196 4386 4386
55 196 4385 4385
55 196 11951 11951
55 196 11952 11952
55 196 4384 4384
55 196 11953 11953
55 196 4383 4383
55 196 4382 4382
55 196 11954 11954
55 196 11955 11955
55 196 4381 4381
55 196 4380 4380
55 196 4379 4379
55 196 11956 11956
55 196 4378 4378
55 196 4377 4377
55 196 11957 11957
55 196 11958 11958
55 196 4376 4376
55 196 4375 4375
55 196 4374 4374
55 196 11959 11959
55 196 4373 4373
55 196 4372 4372
55 196 11960 11960
55 196 4371 4371
55 196 4370 4370
55 196 4369 4369
55 196 4368 4368
55 196 11961 11961
55 196 11962 11962
55 196 11963 11963
55 196 11964 11964
55 196 11965 11965
55 196 11966 11966
55 196 11967 11967
197 197 4368 11967
55 197 11968 11968
55 197 4367 4367
55 197 4366 4366
55 197 11969 11969
55 197 4365 4365
55 197 11970 11970
55 197 11971 11971
55 197 4364 4364
55 197 11972 11972
55 197 4363 4363
55 197 11973 11973
55 197 11974 11974
55 197 11975 11975
55 197 11976 11976
55 197 11977 11977
55 197 11978 11978
55 197 11979 11979
55 197 11980 11980
55 197 11981 11981
55 197 4362 4362
55 197 11982 11982
55 197 11983 11983
55 197 11984 11984
55 197 11985 11985
55 197 11986 11986
55 197 11987 11987
55 197 4361 4361
55 197 11988 11988
55 197 11989 11989
55 197 4360 4360
55 197 4359 4359
55 197 11990 11990
55 197 4358 4358
55 197 11991 11991
55 197 4357 4357
55 197 11992 11992
55 197 4356 4356
55 197 4355 4355
55 197 11993 11993
55 197 11994 11994
55 197 11995 11995
55 197 4354 4354
55 197 11996 11996
55 197 4353 4353
55 197 4352 4352
55 197 11997 11997
55 197 11998 11998
55 197 4351 4351
55 197 11999 11999
55 197 4350 4350
55 197 12000 12000
55 197 4349 4349
55 197 12001 12001
55 197 12002 12002
55 197 4348 4348
55 197 12003 12003
55 197 12004 12004
55 197 4347 4347
55 197 12005 12005
55 197 4346 4346
55 197 4345 4345
55 197 12006 12006
55 197 4344 4344
198 198 4344 12006
55 198 12007 12007
55 198 12008 12008
55 198 12009 12009
199 199 4344 12009
200 200 4344 12009
55 200 12010 12010
55 200 12011 12011
55 200 4343 4343
55 200 12012 12012
55 200 4342 4342
55 200 12013 12013
55 200 12014 12014
55 200 4341 4341
55 200 12015 12015
55 200 12016 12016
55 200 12017 12017
55 200 4340 4340
55 200 12018 12018
201 201 4340 12018
55 201 4339 4339
55 201 12019 12019
55 201 12020 12020
55 201 4338 4338
55 201 12021 12021
55 201 4337 4337
55 201 4336 4336
55 201 12022 12022
55 201 4335 4335
55 201 4334 4334
55 201 4333 4333
55 201 4332 4332
54 54 4332 12022
54 201 12023 12023
54 201 12024 12024
54 201 4331 4331
54 201 12025 12025
54 201 12026 12026
54 201 12027 12027
54 201 4330 4330
54 201 4329 4329
54 201 12028 12028
54 201 12029 12029
54 201 12030 12030
54 201 4328 4328
54 201 4327 4327
54 201 4326 4326
54 201 12031 12031
54 201 4325 4325
54 201 4324 4324
54 201 4323 4323
54 201 12032 12032
54 201 4322 4322
54 201 4321 4321
54 201 12033 12033
54 201 12034 12034
54 201 4320 4320
54 201 4319 4319
54 201 12035 12035
54 201 12036 12036
54 201 12037 12037
54 201 12038 12038
54 201 4318 4318
54 201 12039 12039
54 201 4317 4317
54 201 4316 4316
54 201 4315 4315
54 201 4314 4314
54 201 4313 4313
54 201 4312 4312
54 201 4311 4311
54 201 4310 4310
54 201 4309 4309
54 201 4308 4308
54 201 4307 4307
54 201 4306 4306
54 201 4305 4305
54 201 4304 4304
54 201 12040 12040
54 201 4303 4303
54 201 4302 4302
54 201 4301 4301
54 201 4300 4300
54 201 12041 12041
54 201 12042 12042
54 201 4299 4299
54 201 4298 4298
54 201 12043 12043
54 201 12044 12044
54 201 4297 4297
54 201 12045 12045
54 201 4296 4296
54 201 4295 4295
54 201 4294 4294
54 201 4293 4293
54 201 12046 12046
54 201 4292 4292
54 201 4291 4291
54 201 4290 4290
54 201 12047 12047
54 201 12048 12048
54 201 12049 12049
54 201 4289 4289
54 201 12050 12050
54 201 4288 4288
54 201 12051 12051
54 201 4287 4287
54 201 12052 12052
54 201 12053 12053
54 201 4286 4286
54 201 12054 12054
54 201 12055 12055
54 201 4285 4285
54 201 12056 12056
54 201 4284 4284
54 201 4283 4283
54 201 12057 12057
54 201 4282 4282
54 201 12058 12058
54 201 12059 12059
54 201 12060 12060
54 201 12061 12061
54 201 4281 4281
54 201 4280 4280
54 201 12062 12062
54 201 12063 12063
54 201 12064 12064
54 201 4279 4279
54 201 12065 12065
54 201 4278 4278
54 201 4277 4277
54 201 12066 12066
54 201 4276 4276
54 201 4275 4275
54 201 4274 4274
54 201 4273 4273
54 201 4272 4272
54 201 4271 4271
54 201 4270 4270
54 201 4269 4269
54 201 12067 12067
54 201 12068 12068
54 201 12069 12069
54 201 12070 12070
54 201 4268 4268
54 201 12071 12071
54 201 12072 12072
54 201 4267 4267
54 201 4266 4266
54 201 12073 12073
54 201 12074 12074
54 201 12075 12075
54 201 4265 4265
54 201 12076 12076
54 201 4264 4264
54 201 12077 12077
54 201 4263 4263
54 201 12078 12078
54 201 12079 12079
54 201 4262 4262
54 201 4261 4261
54 201 4260 4260
54 201 4259 4259
54 201 12080 12080
54 201 4258 4258
54 201 4257 4257
54 201 4256 4256
54 201 4255 4255
54 201 4254 4254
54 201 12081 12081
54 201 4253 4253
54 201 12082 12082
54 201 12083 12083
54 201 4252 4252
54 201 4251 4251
54 201 4250 4250
54 201 12084 12084
54 201 12085 12085
54 201 12086 12086
54 201 4249 4249
54 201 4248 4248
54 201 4247 4247
54 201 12087 12087
54 201 4246 4246
54 201 4245 4245
54 201 12088 12088
54 201 4244 4244
54 201 4243 4243
54 201 4242 4242
54 201 4241 4241
54 201 4240 4240
54 201 12089 12089
54 201 12090 12090
54 201 4239 4239
54 201 12091 12091
54 201 4238 4238
54 201 12092 12092
54 201 12093 12093
54 201 12094 12094
54 201 4237 4237
54 201 4236 4236
54 201 4235 4235
54 201 4234 4234
54 201 12095 12095
54 201 12096 12096
54 201 4233 4233
54 201 4232 4232
54 201 4231 4231
54 201 12097 12097
54 201 12098 12098
54 201 4230 4230
54 201 12099 12099
54 201 12100 12100
54 201 12101 12101
54 201 12102 12102
54 201 4229 4229
54 201 12103 12103
54 201 4228 4228
54 201 12104 12104
54 201 4227 4227
54 201 4226 4226
54 201 12105 12105
54 201 4225 4225
54 201 4224 4224
54 201 12106 12106
54 201 12107 12107
54 201 4223 4223
54 201 4222 4222
54 201 12108 12108
54 201 12109 12109
54 201 4221 4221
54 201 12110 12110
54 201 4220 4220
54 201 12111 12111
54 201 4219 4219
54 201 4218 4218
54 201 4217 4217
54 201 12112 12112
54 201 12113 12113
54 201 12114 12114
54 201 12115 12115
54 201 12116 12116
54 201 4216 4216
54 201 12117 12117
54 201 4215 4215
54 201 4214 4214
54 201 4213 4213
54 201 12118 12118
54 201 4212 4212
54 201 4211 4211
54 201 12119 12119
54 201 12120 12120
54 201 12121 12121
54 201 4210 4210
54 201 4209 4209
54 201 12122 12122
54 201 12123 12123
54 201 12124 12124
54 201 4208 4208
54 201 12125 12125
54 201 4207 4207
54 201 12126 12126
202 202 4207 12126
54 202 12127 12127
54 202 4206 4206
54 202 4205 4205
54 202 12128 12128
54 202 4204 4204
54 202 12129 12129
54 202 12130 12130
54 202 12131 12131
54 202 4203 4203
54 202 12132 12132
54 202 4202 4202
54 202 12133 12133
54 202 4201 4201
54 202 12134 12134
54 202 4200 4200
54 202 4199 4199
54 202 12135 12135
54 202 12136 12136
54 202 12137 12137
54 202 4198 4198
54 202 12138 12138
54 202 12139 12139
54 202 4197 4197
54 202 12140 12140
54 202 4196 4196
54 202 4195 4195
54 202 12141 12141
54 202 4194 4194
54 202 4193 4193
54 202 4192 4192
54 202 12142 12142
54 202 4191 4191
54 202 4190 4190
54 202 4189 4189
54 202 4188 4188
54 202 4187 4187
54 202 4186 4186
54 202 12143 12143
54 202 12144 12144
54 202 12145 12145
54 202 12146 12146
54 202 4185 4185
54 202 4184 4184
54 202 4183 4183
54 202 12147 12147
54 202 12148 12148
54 202 12149 12149
54 202 4182 4182
54 202 4181 4181
54 202 12150 12150
54 202 4180 4180
54 202 12151 12151
54 202 12152 12152
54 202 4179 4179
54 202 4178 4178
54 202 12153 12153
54 202 12154 12154
54 202 4177 4177
54 202 12155 12155
54 202 12156 12156
54 202 12157 12157
54 202 12158 12158
54 202 4176 4176
54 202 12159 12159
54 202 12160 12160
54 202 4175 4175
54 202 4174 4174
54 202 4173 4173
54 202 4172 4172
54 202 4171 4171
54 202 12161 12161
54 202 12162 12162
54 202 12163 12163
54 202 12164 12164
54 202 4170 4170
54 202 4169 4169
54 202 12165 12165
54 202 12166 12166
54 202 12167 12167
54 202 12168 12168
54 202 12169 12169
54 202 12170 12170
54 202 4168 4168
54 202 12171 12171
54 202 12172 12172
54 202 12173 12173
54 202 4167 4167
54 202 4166 4166
54 202 12174 12174
54 202 12175 12175
54 202 12176 12176
54 202 12177 12177
54 202 12178 12178
54 202 4165 4165
54 202 4164 4164
54 202 4163 4163
54 202 12179 12179
54 202 4162 4162
54 202 4161 4161
203 203 4161 12179
54 203 4160 4160
54 203 4159 4159
54 203 4158 4158
54 203 4157 4157
54 203 4156 4156
54 203 4155 4155
54 203 12180 12180
54 203 12181 12181
54 203 12182 12182
54 203 12183 12183
54 203 4154 4154
54 203 4153 4153
54 203 12184 12184
54 203 4152 4152
54 203 4151 4151
54 203 4150 4150
54 203 12185 12185
54 203 12186 12186
54 203 4149 4149
54 203 4148 4148
54 203 4147 4147
54 203 4146 4146
54 203 4145 4145
54 203 4144 4144
54 203 12187 12187
54 203 12188 12188
54 203 4143 4143
54 203 12189 12189
54 203 12190 12190
54 203 12191 12191
54 203 4142 4142
54 203 4141 4141
54 203 12192 12192
54 203 4140 4140
54 203 12193 12193
54 203 12194 12194
54 203 12195 12195
54 203 12196 12196
54 203 12197 12197
54 203 4139 4139
54 203 12198 12198
54 203 12199 12199
54 203 4138 4138
54 203 12200 12200
54 203 4137 4137
54 203 4136 4136
54 203 4135 4135
54 203 12201 12201
54 203 12202 12202
54 203 12203 12203
54 203 4134 4134
54 203 12204 12204
54 203 12205 12205
54 203 12206 12206
54 203 4133 4133
54 203 12207 12207
54 203 12208 12208
54 203 12209 12209
54 203 12210 12210
54 203 12211 12211
54 203 4132 4132
54 203 12212 12212
54 203 4131 4131
54 203 4130 4130
54 203 12213 12213
54 203 4129 4129
54 203 4128 4128
54 203 12214 12214
54 203 12215 12215
54 203 4127 4127
54 203 4126 4126
54 203 4125 4125
54 203 12216 12216
54 203 4124 4124
54 203 12217 12217
54 203 4123 4123
54 203 4122 4122
54 203 4121 4121
54 203 12218 12218
54 203 12219 12219
54 203 12220 12220
54 203 12221 12221
54 203 12222 12222
54 203 12223 12223
54 203 4120 4120
54 203 4119 4119
54 203 12224 12224
53 53 4119 12224
53 203 4118 4118
53 203 12225 12225
53 203 12226 12226
53 203 12227 12227
53 203 12228 12228
53 203 4117 4117
53 203 4116 4116
53 203 12229 12229
53 203 4115 4115
53 203 4114 4114
53 203 12230 12230
53 203 12231 12231
53 203 12232 12232
53 203 4113 4113
53 203 12233 12233
53 203 12234 12234
53 203 4112 4112
53 203 12235 12235
53 203 12236 12236
53 203 12237 12237
53 203 12238 12238
53 203 4111 4111
53 203 4110 4110
53 203 12239 12239
53 203 12240 12240
53 203 4109 4109
53 203 4108 4108
53 203 12241 12241
53 203 12242 12242
53 203 4107 4107
53 203 12243 12243
53 203 12244 12244
53 203 4106 4106
53 203 12245 12245
53 203 12246 12246
53 203 4105 4105
53 203 4104 4104
53 203 12247 12247
53 203 4103 4103
53 203 12248 12248
53 203 12249 12249
53 203 12250 12250
53 203 12251 12251
53 203 12252 12252
53 203 4102 4102
53 203 12253 12253
53 203 12254 12254
53 203 4101 4101
53 203 12255 12255
53 203 12256 12256
53 203 12257 12257
53 203 4100 4100
53 203 12258 12258
53 203 4099 4099
53 203 4098 4098
53 203 4097 4097
53 203 4096 4096
53 203 4095 4095
53 203 4094 4094
53 203 12259 12259
53 203 4093 4093
53 203 4092 4092
53 203 4091 4091
53 203 4090 4090
53 203 4089 4089
53 203 4088 4088
53 203 12260 12260
53 203 12261 12261
52 52 4088 12261
52 203 12262 12262
52 203 12263 12263
52 203 12264 12264
52 203 4087 4087
52 203 4086 4086
52 203 4085 4085
52 203 12265 12265
52 203 4084 4084
52 203 12266 12266
52 203 12267 12267
52 203 12268 12268
52 203 12269 12269
52 203 12270 12270
52 203 4083 4083
52 203 4082 4082
52 203 12271 12271
52 203 12272 12272
52 203 4081 4081
52 203 4080 4080
52 203 4079 4079
52 203 12273 12273
52 203 12274 12274
52 203 4078 4078
52 203 4077 4077
52 203 12275 12275
52 203 12276 12276
52 203 4076 4076
52 203 12277 12277
52 203 4075 4075
52 203 12278 12278
52 203 12279 12279
52 203 4074 4074
52 203 12280 12280
52 203 12281 12281
52 203 12282 12282
52 203 4073 4073
52 203 4072 4072
52 203 12283 12283
51 51 4072 12283
51 203 12284 12284
51 203 12285 12285
51 203 4071 4071
51 203 4070 4070
51 203 12286 12286
51 203 4069 4069
51 203 12287 12287
51 203 12288 12288
51 203 12289 12289
51 203 12290 12290
51 203 4068 4068
51 203 12291 12291
51 203 12292 12292
51 203 4067 4067
51 203 4066 4066
51 203 12293 12293
51 203 4065 4065
51 203 4064 4064
51 203 12294 12294
51 203 12295 12295
50 50 4064 12295
50 203 4063 4063
50 203 12296 12296
50 203 4062 4062
50 203 4061 4061
50 203 12297 12297
50 203 12298 12298
50 203 4060 4060
50 203 4059 4059
50 203 12299 12299
50 203 12300 12300
50 203 12301 12301
50 203 12302 12302
50 203 4058 4058
50 203 12303 12303
50 203 4057 4057
50 203 12304 12304
50 203 12305 12305
50 203 4056 4056
50 203 4055 4055
50 203 12306 12306
50 203 12307 12307
50 203 4054 4054
50 203 4053 4053
50 203 12308 12308
50 203 12309 12309
50 203 12310 12310
50 203 12311 12311
50 203 12312 12312
50 203 4052 4052
50 203 12313 12313
50 203 4051 4051
50 203 4050 4050
50 203 4049 4049
50 203 4048 4048
50 203 4047 4047
50 203 4046 4046
50 203 4045 4045
50 203 12314 12314
50 203 12315 12315
50 203 4044 4044
50 203 12316 12316
50 203 4043 4043
50 203 12317 12317
50 203 4042 4042
50 203 4041 4041
50 203 12318 12318
50 203 4040 4040
50 203 12319 12319
50 203 12320 12320
50 203 4039 4039
50 203 4038 4038
50 203 12321 12321
50 203 4037 4037
50 203 4036 4036
50 203 4035 4035
50 203 12322 12322
50 203 4034 4034
50 203 12323 12323
50 203 12324 12324
50 203 12325 12325
50 203 12326 12326
50 203 4033 4033
50 203 12327 12327
50 203 4032 4032
50 203 12328 12328
50 203 12329 12329
50 203 12330 12330
50 203 12331 12331
50 203 4031 4031
50 203 12332 12332
50 203 12333 12333
50 203 12334 12334
50 203 4030 4030
50 203 12335 12335
50 203 4029 4029
50 203 4028 4028
50 203 12336 12336
50 203 4027 4027
50 203 12337 12337
50 203 4026 4026
50 203 12338 12338
50 203 12339 12339
50 203 12340 12340
50 203 12341 12341
50 203 12342 12342
50 203 12343 12343
50 203 12344 12344
50 203 12345 12345
50 203 12346 12346
50 203 12347 12347
50 203 12348 12348
50 203 12349 12349
50 203 4025 4025
50 203 4024 4024
50 203 4023 4023
50 203 12350 12350
50 203 4022 4022
50 203 12351 12351
50 203 4021 4021
50 203 12352 12352
50 203 12353 12353
50 203 4020 4020
50 203 4019 4019
50 203 12354 12354
50 203 12355 12355
50 203 12356 12356
50 203 12357 12357
50 203 12358 12358
50 203 4018 4018
50 203 4017 4017
50 203 4016 4016
50 203 12359 12359
50 203 4015 4015
50 203 4014 4014
50 203 4013 4013
50 203 12360 12360
50 203 12361 12361
50 203 4012 4012
50 203 4011 4011
50 203 4010 4010
50 203 4009 4009
50 203 4008 4008
50 203 4007 4007
50 203 12362 12362
50 203 4006 4006
50 203 4005 4005
50 203 12363 12363
50 203 4004 4004
50 203 4003 4003
50 203 4002 4002
50 203 12364 12364
50 203 4001 4001
50 203 4000 4000
50 203 12365 12365
50 203 3999 3999
50 203 3998 3998
50 203 12366 12366
50 203 3997 3997
50 203 12367 12367
50 203 12368 12368
50 203 3996 3996
50 203 12369 12369
50 203 3995 3995
50 203 12370 12370
50 203 3994 3994
50 203 12371 12371
50 203 12372 12372
50 203 3993 3993
50 203 3992 3992
50 203 3991 3991
50 203 12373 12373
50 203 12374 12374
50 203 3990 3990
50 203 3989 3989
50 203 3988 3988
50 203 3987 3987
50 203 3986 3986
50 203 3985 3985
50 203 3984 3984
50 203 3983 3983
50 203 12375 12375
50 203 3982 3982
50 203 3981 3981
50 203 3980 3980
50 203 12376 12376
50 203 3979 3979
50 203 3978 3978
50 203 12377 12377
50 203 3977 3977
50 203 12378 12378
50 203 3976 3976
50 203 12379 12379
50 203 12380 12380
50 203 3975 3975
50 203 3974 3974
50 203 12381 12381
50 203 12382 12382
50 203 3973 3973
50 203 3972 3972
50 203 12383 12383
50 203 12384 12384
50 203 3971 3971
50 203 3970 3970
50 203 12385 12385
50 203 3969 3969
50 203 12386 12386
50 203 12387 12387
50 203 12388 12388
50 203 3968 3968
50 203 3967 3967
50 203 3966 3966
50 203 12389 12389
50 203 3965 3965
50 203 12390 12390
50 203 3964 3964
50 203 12391 12391
50 203 3963 3963
50 203 3962 3962
50 203 3961 3961
50 203 12392 12392
50 203 3960 3960
50 203 3959 3959
50 203 12393 12393
50 203 3958 3958
50 203 3957 3957
50 203 12394 12394
50 203 12395 12395
50 203 12396 12396
50 203 3956 3956
50 203 3955 3955
50 203 3954 3954
50 203 12397 12397
50 203 3953 3953
50 203 3952 3952
50 203 3951 3951
50 203 3950 3950
50 203 12398 12398
50 203 12399 12399
50 203 3949 3949
50 203 12400 12400
50 203 12401 12401
50 203 12402 12402
50 203 12403 12403
50 203 3948 3948
50 203 3947 3947
50 203 12404 12404
50 203 12405 12405
50 203 12406 12406
50 203 3946 3946
50 203 12407 12407
50 203 12408 12408
50 203 12409 12409
50 203 3945 3945
50 203 3944 3944
50 203 12410 12410
50 203 3943 3943
50 203 12411 12411
50 203 12412 12412
50 203 3942 3942
50 203 12413 12413
50 203 3941 3941
50 203 12414 12414
50 203 3940 3940
50 203 3939 3939
50 203 3938 3938
50 203 3937 3937
50 203 3936 3936
50 203 12415 12415
50 203 12416 12416
50 203 12417 12417
50 203 3935 3935
49 49 3935 12417
49 203 3934 3934
49 203 3933 3933
49 203 12418 12418
49 203 12419 12419
49 203 12420 12420
49 203 12421 12421
49 203 12422 12422
49 203 3932 3932
49 203 3931 3931
49 203 3930 3930
49 203 12423 12423
49 203 12424 12424
49 203 3929 3929
49 203 12425 12425
49 203 12426 12426
49 203 12427 12427
49 203 12428 12428
49 203 3928 3928
49 203 3927 3927
49 203 12429 12429
204 204 3927 12429
49 204 12430 12430
49 204 12431 12431
49 204 12432 12432
49 204 3926 3926
49 204 3925 3925
49 204 3924 3924
49 204 12433 12433
49 204 3923 3923
49 204 3922 3922
49 204 12434 12434
205 205 3922 12434
49 205 12435 12435
49 205 12436 12436
49 205 3921 3921
49 205 3920 3920
49 205 12437 12437
49 205 12438 12438
49 205 3919 3919
49 205 12439 12439
49 205 12440 12440
49 205 12441 12441
49 205 12442 12442
49 205 3918 3918
49 205 3917 3917
49 205 12443 12443
49 205 3916 3916
49 205 12444 12444
49 205 12445 12445
49 205 3915 3915
49 205 12446 12446
49 205 12447 12447
49 205 12448 12448
49 205 12449 12449
49 205 3914 3914
49 205 12450 12450
49 205 12451 12451
49 205 12452 12452
49 205 3913 3913
49 205 12453 12453
49 205 3912 3912
49 205 3911 3911
49 205 3910 3910
49 205 12454 12454
49 205 12455 12455
49 205 12456 12456
49 205 3909 3909
49 205 12457 12457
49 205 12458 12458
49 205 3908 3908
49 205 3907 3907
49 205 3906 3906
49 205 12459 12459
49 205 3905 3905
49 205 12460 12460
49 205 12461 12461
49 205 12462 12462
49 205 12463 12463
49 205 12464 12464
49 205 12465 12465
49 205 12466 12466
49 205 3904 3904
49 205 3903 3903
49 205 3902 3902
49 205 3901 3901
49 205 3900 3900
49 205 12467 12467
49 205 12468 12468
49 205 12469 12469
49 205 12470 12470
49 205 3899 3899
49 205 3898 3898
49 205 3897 3897
49 205 3896 3896
49 205 3895 3895
49 205 3894 3894
49 205 12471 12471
49 205 12472 12472
49 205 3893 3893
49 205 3892 3892
49 205 3891 3891
49 205 3890 3890
48 48 3890 12472
48 205 12473 12473
48 205 3889 3889
48 205 3888 3888
48 205 3887 3887
48 205 12474 12474
48 205 3886 3886
48 205 12475 12475
48 205 3885 3885
48 205 3884 3884
48 205 12476 12476
48 205 3883 3883
48 205 12477 12477
48 205 12478 12478
48 205 12479 12479
48 205 12480 12480
48 205 3882 3882
48 205 3881 3881
48 205 12481 12481
48 205 3880 3880
48 205 12482 12482
48 205 3879 3879
48 205 12483 12483
48 205 3878 3878
48 205 3877 3877
48 205 12484 12484
48 205 12485 12485
48 205 3876 3876
48 205 3875 3875
48 205 12486 12486
48 205 3874 3874
48 205 3873 3873
48 205 12487 12487
48 205 12488 12488
48 205 12489 12489
48 205 3872 3872
48 205 12490 12490
48 205 3871 3871
48 205 12491 12491
48 205 12492 12492
48 205 12493 12493
48 205 12494 12494
48 205 3870 3870
48 205 3869 3869
48 205 12495 12495
48 205 3868 3868
48 205 12496 12496
48 205 3867 3867
48 205 3866 3866
48 205 3865 3865
48 205 3864 3864
48 205 12497 12497
48 205 3863 3863
48 205 3862 3862
48 205 12498 12498
48 205 3861 3861
48 205 3860 3860
48 205 3859 3859
48 205 3858 3858
48 205 3857 3857
48 205 12499 12499
48 205 3856 3856
48 205 12500 12500
48 205 12501 12501
48 205 3855 3855
48 205 12502 12502
48 205 12503 12503
48 205 3854 3854
48 205 3853 3853
48 205 3852 3852
48 205 3851 3851
48 205 3850 3850
48 205 3849 3849
48 205 3848 3848
48 205 12504 12504
48 205 3847 3847
48 205 12505 12505
48 205 12506 12506
48 205 12507 12507
48 205 3846 3846
48 205 12508 12508
48 205 3845 3845
48 205 12509 12509
48 205 3844 3844
48 205 12510 12510
48 205 12511 12511
48 205 12512 12512
48 205 3843 3843
48 205 12513 12513
48 205 3842 3842
48 205 3841 3841
48 205 3840 3840
48 205 12514 12514
48 205 3839 3839
48 205 12515 12515
48 205 3838 3838
48 205 3837 3837
48 205 12516 12516
48 205 12517 12517
48 205 12518 12518
48 205 12519 12519
48 205 12520 12520
48 205 3836 3836
48 205 3835 3835
48 205 3834 3834
48 205 12521 12521
48 205 12522 12522
48 205 12523 12523
48 205 12524 12524
48 205 12525 12525
48 205 3833 3833
48 205 3832 3832
48 205 3831 3831
48 205 12526 12526
48 205 3830 3830
48 205 3829 3829
48 205 3828 3828
48 205 12527 12527
48 205 12528 12528
48 205 12529 12529
48 205 12530 12530
48 205 3827 3827
48 205 12531 12531
48 205 12532 12532
48 205 12533 12533
48 205 3826 3826
48 205 12534 12534
48 205 3825 3825
48 205 12535 12535
48 205 12536 12536
48 205 3824 3824
48 205 3823 3823
48 205 12537 12537
48 205 12538 12538
48 205 12539 12539
48 205 12540 12540
48 205 3822 3822
48 205 12541 12541
48 205 3821 3821
48 205 3820 3820
48 205 12542 12542
48 205 12543 12543
48 205 12544 12544
48 205 12545 12545
48 205 3819 3819
48 205 3818 3818
48 205 3817 3817
48 205 3816 3816
48 205 12546 12546
48 205 12547 12547
48 205 12548 12548
48 205 12549 12549
48 205 12550 12550
48 205 12551 12551
48 205 12552 12552
48 205 12553 12553
48 205 12554 12554
48 205 3815 3815
48 205 3814 3814
48 205 3813 3813
48 205 3812 3812
48 205 3811 3811
48 205 3810 3810
48 205 12555 12555
48 205 3809 3809
48 205 12556 12556
48 205 3808 3808
48 205 12557 12557
48 205 3807 3807
48 205 12558 12558
48 205 12559 12559
48 205 12560 12560
48 205 12561 12561
48 205 3806 3806
48 205 3805 3805
48 205 3804 3804
48 205 12562 12562
48 205 3803 3803
48 205 3802 3802
48 205 3801 3801
48 205 12563 12563
48 205 3800 3800
48 205 3799 3799
48 205 12564 12564
48 205 3798 3798
48 205 12565 12565
48 205 3797 3797
48 205 3796 3796
48 205 12566 12566
48 205 12567 12567
48 205 3795 3795
48 205 3794 3794
48 205 3793 3793
48 205 3792 3792
47 47 3792 12567
47 205 12568 12568
47 205 3791 3791
47 205 3790 3790
47 205 12569 12569
47 205 12570 12570
47 205 3789 3789
47 205 3788 3788
47 205 12571 12571
47 205 12572 12572
47 205 3787 3787
47 205 12573 12573
47 205 12574 12574
47 205 12575 12575
47 205 3786 3786
47 205 12576 12576
47 205 3785 3785
47 205 3784 3784
47 205 3783 3783
47 205 3782 3782
47 205 12577 12577
47 205 3781 3781
46 46 3781 12577
46 205 3780 3780
46 205 12578 12578
46 205 3779 3779
46 205 12579 12579
46 205 12580 12580
46 205 3778 3778
46 205 3777 3777
46 205 3776 3776
46 205 3775 3775
46 205 3774 3774
46 205 3773 3773
46 205 12581 12581
46 205 3772 3772
46 205 3771 3771
46 205 12582 12582
46 205 3770 3770
46 205 3769 3769
46 205 3768 3768
46 205 3767 3767
46 205 12583 12583
46 205 3766 3766
46 205 3765 3765
46 205 12584 12584
46 205 12585 12585
46 205 12586 12586
46 205 12587 12587
46 205 3764 3764
46 205 12588 12588
46 205 12589 12589
46 205 12590 12590
46 205 3763 3763
46 205 3762 3762
46 205 12591 12591
46 205 3761 3761
46 205 12592 12592
46 205 12593 12593
46 205 3760 3760
46 205 12594 12594
46 205 3759 3759
46 205 12595 12595
46 205 12596 12596
46 205 3758 3758
46 205 3757 3757
46 205 3756 3756
46 205 3755 3755
46 205 3754 3754
46 205 12597 12597
46 205 12598 12598
46 205 3753 3753
46 205 3752 3752
46 205 12599 12599
46 205 3751 3751
46 205 3750 3750
46 205 3749 3749
46 205 12600 12600
46 205 3748 3748
46 205 3747 3747
46 205 3746 3746
46 205 3745 3745
46 205 3744 3744
46 205 12601 12601
46 205 12602 12602
45 45 3744 12602
45 205 12603 12603
45 205 12604 12604
45 205 3743 3743
45 205 12605 12605
45 205 12606 12606
45 205 3742 3742
45 205 3741 3741
45 205 12607 12607
45 205 3740 3740
45 205 12608 12608
45 205 3739 3739
45 205 3738 3738
45 205 3737 3737
45 205 3736 3736
45 205 3735 3735
45 205 12609 12609
45 205 3734 3734
45 205 3733 3733
45 205 3732 3732
45 205 12610 12610
45 205 3731 3731
206 206 3731 12610
45 206 12611 12611
45 206 3730 3730
45 206 3729 3729
45 206 12612 12612
45 206 3728 3728
45 206 12613 12613
45 206 3727 3727
45 206 12614 12614
45 206 3726 3726
45 206 3725 3725
45 206 12615 12615
45 206 3724 3724
45 206 3723 3723
45 206 3722 3722
45 206 3721 3721
45 206 3720 3720
45 206 3719 3719
45 206 12616 12616
45 206 3718 3718
45 206 3717 3717
45 206 12617 12617
45 206 3716 3716
45 206 3715 3715
45 206 3714 3714
45 206 3713 3713
45 206 3712 3712
45 206 3711 3711
45 206 3710 3710
45 206 3709 3709
45 206 12618 12618
45 206 12619 12619
45 206 12620 12620
45 206 12621 12621
45 206 12622 12622
45 206 12623 12623
45 206 12624 12624
45 206 3708 3708
45 206 12625 12625
45 206 3707 3707
45 206 3706 3706
45 206 3705 3705
45 206 3704 3704
45 206 12626 12626
45 206 3703 3703
45 206 12627 12627
45 206 12628 12628
45 206 12629 12629
45 206 3702 3702
45 206 12630 12630
45 206 3701 3701
45 206 3700 3700
45 206 12631 12631
45 206 3699 3699
45 206 3698 3698
45 206 3697 3697
45 206 12632 12632
45 206 12633 12633
45 206 3696 3696
45 206 12634 12634
45 206 3695 3695
45 206 12635 12635
45 206 3694 3694
45 206 3693 3693
45 206 3692 3692
45 206 12636 12636
45 206 12637 12637
45 206 3691 3691
45 206 12638 12638
45 206 3690 3690
45 206 12639 12639
45 206 3689 3689
45 206 12640 12640
45 206 3688 3688
45 206 12641 12641
45 206 3687 3687
45 206 3686 3686
45 206 3685 3685
45 206 12642 12642
45 206 12643 12643
45 206 3684 3684
45 206 3683 3683
45 206 3682 3682
45 206 12644 12644
45 206 3681 3681
45 206 12645 12645
45 206 12646 12646
45 206 12647 12647
45 206 3680 3680
45 206 12648 12648
45 206 12649 12649
45 206 12650 12650
45 206 12651 12651
45 206 12652 12652
45 206 3679 3679
45 206 3678 3678
45 206 12653 12653
45 206 3677 3677
45 206 3676 3676
45 206 3675 3675
45 206 3674 3674
45 206 3673 3673
45 206 12654 12654
45 206 3672 3672
45 206 12655 12655
45 206 3671 3671
45 206 3670 3670
45 206 12656 12656
45 206 3669 3669
45 206 12657 12657
45 206 3668 3668
45 206 12658 12658
45 206 12659 12659
45 206 3667 3667
45 206 3666 3666
45 206 12660 12660
45 206 3665 3665
45 206 3664 3664
45 206 3663 3663
45 206 3662 3662
45 206 12661 12661
45 206 3661 3661
45 206 3660 3660
45 206 3659 3659
45 206 3658 3658
45 206 12662 12662
45 206 12663 12663
45 206 3657 3657
45 206 3656 3656
45 206 3655 3655
45 206 12664 12664
45 206 12665 12665
45 206 12666 12666
45 206 3654 3654
45 206 12667 12667
45 206 3653 3653
45 206 3652 3652
45 206 3651 3651
45 206 3650 3650
45 206 3649 3649
45 206 12668 12668
44 44 3649 12668
44 206 3648 3648
44 206 3647 3647
44 206 12669 12669
44 206 3646 3646
44 206 3645 3645
44 206 12670 12670
44 206 12671 12671
44 206 12672 12672
44 206 3644 3644
44 206 3643 3643
44 206 12673 12673
44 206 3642 3642
44 206 3641 3641
44 206 3640 3640
44 206 12674 12674
44 206 12675 12675
44 206 12676 12676
44 206 12677 12677
44 206 12678 12678
44 206 12679 12679
44 206 3639 3639
44 206 3638 3638
44 206 3637 3637
44 206 12680 12680
44 206 12681 12681
44 206 3636 3636
44 206 12682 12682
44 206 3635 3635
44 206 12683 12683
44 206 3634 3634
44 206 3633 3633
44 206 3632 3632
44 206 3631 3631
44 206 12684 12684
44 206 3630 3630
44 206 3629 3629
44 206 12685 12685
44 206 12686 12686
44 206 12687 12687
44 206 12688 12688
207 207 3629 12688
44 207 12689 12689
44 207 3628 3628
208 208 3628 12689
44 208 12690 12690
44 208 12691 12691
44 208 3627 3627
44 208 12692 12692
44 208 3626 3626
44 208 12693 12693
44 208 3625 3625
44 208 12694 12694
44 208 12695 12695
44 208 12696 12696
44 208 12697 12697
44 208 3624 3624
44 208 3623 3623
44 208 3622 3622
44 208 3621 3621
44 208 12698 12698
44 208 12699 12699
44 208 12700 12700
44 208 3620 3620
44 208 12701 12701
44 208 3619 3619
44 208 3618 3618
44 208 12702 12702
44 208 12703 12703
44 208 12704 12704
44 208 12705 12705
209 209 3618 12705
44 209 3617 3617
44 209 3616 3616
44 209 3615 3615
44 209 3614 3614
44 209 3613 3613
44 209 12706 12706
44 209 12707 12707
44 209 12708 12708
44 209 12709 12709
44 209 3612 3612
44 209 12710 12710
210 210 3612 12710
44 210 3611 3611
44 210 12711 12711
44 210 3610 3610
44 210 12712 12712
44 210 12713 12713
44 210 3609 3609
44 210 12714 12714
44 210 12715 12715
44 210 3608 3608
44 210 3607 3607
44 210 12716 12716
44 210 3606 3606
44 210 12717 12717
44 210 3605 3605
44 210 12718 12718
44 210 3604 3604
44 210 12719 12719
44 210 3603 3603
44 210 12720 12720
44 210 3602 3602
44 210 3601 3601
44 210 12721 12721
44 210 12722 12722
44 210 3600 3600
44 210 12723 12723
44 210 12724 12724
44 210 3599 3599
44 210 3598 3598
44 210 3597 3597
44 210 3596 3596
44 210 3595 3595
44 210 3594 3594
44 210 3593 3593
44 210 3592 3592
44 210 12725 12725
44 210 12726 12726
44 210 12727 12727
44 210 3591 3591
44 210 3590 3590
44 210 3589 3589
44 210 12728 12728
44 210 12729 12729
44 210 12730 12730
44 210 12731 12731
44 210 3588 3588
44 210 3587 3587
44 210 12732 12732
44 210 3586 3586
44 210 12733 12733
44 210 3585 3585
44 210 3584 3584
44 210 12734 12734
44 210 3583 3583
44 210 3582 3582
44 210 3581 3581
44 210 12735 12735
44 210 12736 12736
44 210 3580 3580
44 210 12737 12737
44 210 3579 3579
44 210 12738 12738
44 210 3578 3578
44 210 12739 12739
44 210 12740 12740
44 210 3577 3577
44 210 3576 3576
44 210 3575 3575
44 210 12741 12741
44 210 12742 12742
44 210 3574 3574
44 210 3573 3573
44 210 12743 12743
44 210 12744 12744
44 210 12745 12745
44 210 3572 3572
44 210 12746 12746
44 210 3571 3571
44 210 3570 3570
44 210 12747 12747
44 210 3569 3569
44 210 12748 12748
44 210 12749 12749
44 210 3568 3568
44 210 12750 12750
44 210 12751 12751
44 210 12752 12752
44 210 12753 12753
44 210 12754 12754
44 210 12755 12755
44 210 3567 3567
44 210 12756 12756
44 210 3566 3566
44 210 3565 3565
44 210 3564 3564
44 210 12757 12757
44 210 12758 12758
44 210 3563 3563
44 210 12759 12759
43 43 3563 12759
43 210 3562 3562
43 210 3561 3561
43 210 3560 3560
43 210 12760 12760
43 210 12761 12761
43 210 3559 3559
43 210 12762 12762
43 210 3558 3558
43 210 12763 12763
43 210 12764 12764
43 210 12765 12765
43 210 3557 3557
43 210 12766 12766
43 210 3556 3556
43 210 12767 12767
43 210 12768 12768
43 210 12769 12769
43 210 12770 12770
43 210 12771 12771
43 210 12772 12772
43 210 12773 12773
43 210 12774 12774
43 210 12775 12775
43 210 3555 3555
43 210 3554 3554
43 210 12776 12776
43 210 3553 3553
43 210 3552 3552
43 210 12777 12777
43 210 12778 12778
43 210 12779 12779
43 210 3551 3551
43 210 3550 3550
43 210 12780 12780
43 210 3549 3549
43 210 3548 3548
43 210 3547 3547
43 210 12781 12781
43 210 3546 3546
43 210 12782 12782
43 210 3545 3545
43 210 3544 3544
43 210 3543 3543
43 210 12783 12783
43 210 12784 12784
43 210 3542 3542
43 210 12785 12785
43 210 12786 12786
43 210 12787 12787
43 210 12788 12788
43 210 3541 3541
43 210 12789 12789
43 210 12790 12790
43 210 12791 12791
43 210 12792 12792
43 210 12793 12793
43 210 12794 12794
43 210 3540 3540
43 210 12795 12795
43 210 12796 12796
43 210 3539 3539
43 210 12797 12797
43 210 3538 3538
43 210 3537 3537
43 210 3536 3536
43 210 12798 12798
43 210 3535 3535
43 210 3534 3534
43 210 12799 12799
43 210 12800 12800
43 210 3533 3533
43 210 12801 12801
43 210 3532 3532
43 210 12802 12802
43 210 3531 3531
43 210 3530 3530
43 210 3529 3529
43 210 3528 3528
43 210 3527 3527
43 210 12803 12803
43 210 12804 12804
43 210 3526 3526
43 210 3525 3525
43 210 3524 3524
43 210 3523 3523
43 210 3522 3522
43 210 3521 3521
43 210 3520 3520
43 210 12805 12805
43 210 3519 3519
43 210 3518 3518
43 210 3517 3517
43 210 3516 3516
43 210 12806 12806
43 210 12807 12807
43 210 3515 3515
43 210 3514 3514
43 210 12808 12808
43 210 12809 12809
43 210 3513 3513
43 210 12810 12810
43 210 12811 12811
43 210 12812 12812
43 210 3512 3512
43 210 3511 3511
43 210 12813 12813
43 210 3510 3510
43 210 3509 3509
43 210 12814 12814
43 210 12815 12815
43 210 12816 12816
43 210 3508 3508
43 210 12817 12817
43 210 3507 3507
43 210 12818 12818
43 210 12819 12819
43 210 12820 12820
43 210 12821 12821
43 210 12822 12822
43 210 12823 12823
43 210 12824 12824
43 210 3506 3506
43 210 3505 3505
43 210 12825 12825
43 210 3504 3504
43 210 12826 12826
43 210 3503 3503
43 210 12827 12827
43 210 3502 3502
43 210 12828 12828
43 210 12829 12829
43 210 3501 3501
43 210 3500 3500
43 210 12830 12830
43 210 3499 3499
43 210 3498 3498
43 210 3497 3497
43 210 3496 3496
43 210 3495 3495
43 210 3494 3494
43 210 3493 3493
43 210 12831 12831
43 210 12832 12832
43 210 3492 3492
43 210 3491 3491
43 210 12833 12833
211 211 3491 12833
43 211 3490 3490
43 211 12834 12834
43 211 3489 3489
43 211 3488 3488
43 211 12835 12835
43 211 12836 12836
42 42 3488 12836
42 211 3487 3487
42 211 3486 3486
42 211 3485 3485
42 211 3484 3484
42 211 3483 3483
42 211 3482 3482
42 211 3481 3481
42 211 3480 3480
42 211 12837 12837
42 211 3479 3479
42 211 3478 3478
42 211 3477 3477
42 211 3476 3476
42 211 12838 12838
42 211 12839 12839
42 211 12840 12840
42 211 3475 3475
42 211 12841 12841
42 211 12842 12842
42 211 3474 3474
42 211 12843 12843
42 211 12844 12844
42 211 3473 3473
42 211 3472 3472
42 211 3471 3471
42 211 12845 12845
42 211 12846 12846
42 211 3470 3470
42 211 12847 12847
42 211 12848 12848
42 211 3469 3469
42 211 12849 12849
42 211 3468 3468
42 211 3467 3467
42 211 3466 3466
42 211 12850 12850
42 211 3465 3465
42 211 12851 12851
42 211 3464 3464
42 211 12852 12852
42 211 3463 3463
42 211 3462 3462
42 211 3461 3461
42 211 12853 12853
42 211 12854 12854
42 211 12855 12855
42 211 3460 3460
42 211 3459 3459
42 211 3458 3458
42 211 12856 12856
42 211 12857 12857
42 211 12858 12858
42 211 3457 3457
42 211 3456 3456
42 211 3455 3455
42 211 3454 3454
42 211 3453 3453
42 211 12859 12859
42 211 3452 3452
42 211 3451 3451
42 211 3450 3450
42 211 12860 12860
42 211 3449 3449
42 211 12861 12861
42 211 3448 3448
42 211 3447 3447
42 211 12862 12862
42 211 12863 12863
42 211 12864 12864
42 211 12865 12865
42 211 12866 12866
42 211 12867 12867
42 211 12868 12868
42 211 3446 3446
42 211 12869 12869
42 211 12870 12870
42 211 12871 12871
42 211 3445 3445
42 211 3444 3444
42 211 12872 12872
212 212 3444 12872
42 212 12873 12873
42 212 12874 12874
42 212 12875 12875
42 212 12876 12876
42 212 12877 12877
42 212 3443 3443
42 212 3442 3442
42 212 3441 3441
42 212 12878 12878
42 212 3440 3440
42 212 3439 3439
42 212 12879 12879
42 212 3438 3438
42 212 3437 3437
42 212 3436 3436
42 212 3435 3435
42 212 12880 12880
42 212 12881 12881
42 212 3434 3434
42 212 12882 12882
42 212 12883 12883
42 212 3433 3433
42 212 3432 3432
42 212 3431 3431
42 212 3430 3430
42 212 3429 3429
42 212 3428 3428
42 212 12884 12884
42 212 3427 3427
42 212 3426 3426
42 212 3425 3425
42 212 12885 12885
42 212 3424 3424
42 212 3423 3423
42 212 12886 12886
42 212 12887 12887
42 212 3422 3422
42 212 12888 12888
42 212 12889 12889
42 212 12890 12890
42 212 3421 3421
42 212 3420 3420
42 212 3419 3419
42 212 12891 12891
42 212 3418 3418
42 212 12892 12892
42 212 3417 3417
42 212 12893 12893
42 212 12894 12894
42 212 12895 12895
42 212 12896 12896
42 212 3416 3416
42 212 3415 3415
42 212 3414 3414
42 212 3413 3413
42 212 12897 12897
42 212 3412 3412
42 212 12898 12898
42 212 12899 12899
42 212 12900 12900
42 212 3411 3411
42 212 3410 3410
42 212 12901 12901
42 212 3409 3409
42 212 3408 3408
42 212 12902 12902
42 212 12903 12903
42 212 3407 3407
42 212 3406 3406
42 212 3405 3405
42 212 3404 3404
42 212 12904 12904
42 212 12905 12905
42 212 12906 12906
42 212 3403 3403
42 212 3402 3402
42 212 3401 3401
42 212 3400 3400
42 212 12907 12907
42 212 12908 12908
42 212 3399 3399
42 212 3398 3398
42 212 3397 3397
42 212 3396 3396
42 212 12909 12909
42 212 12910 12910
42 212 12911 12911
42 212 3395 3395
42 212 12912 12912
42 212 3394 3394
42 212 3393 3393
42 212 3392 3392
42 212 3391 3391
42 212 3390 3390
42 212 3389 3389
42 212 12913 12913
42 212 3388 3388
42 212 12914 12914
42 212 3387 3387
42 212 3386 3386
42 212 3385 3385
42 212 3384 3384
42 212 12915 12915
42 212 12916 12916
42 212 12917 12917
42 212 3383 3383
42 212 3382 3382
42 212 12918 12918
42 212 3381 3381
42 212 3380 3380
42 212 12919 12919
42 212 12920 12920
42 212 12921 12921
42 212 12922 12922
42 212 12923 12923
42 212 12924 12924
42 212 3379 3379
42 212 3378 3378
42 212 12925 12925
42 212 12926 12926
42 212 12927 12927
42 212 3377 3377
42 212 3376 3376
42 212 12928 12928
42 212 12929 12929
42 212 3375 3375
42 212 3374 3374
42 212 12930 12930
42 212 3373 3373
42 212 3372 3372
42 212 3371 3371
42 212 12931 12931
42 212 3370 3370
42 212 12932 12932
42 212 12933 12933
42 212 12934 12934
42 212 3369 3369
42 212 3368 3368
42 212 12935 12935
42 212 3367 3367
42 212 12936 12936
42 212 12937 12937
42 212 12938 12938
42 212 3366 3366
42 212 12939 12939
42 212 3365 3365
42 212 3364 3364
213 213 3364 12939
42 213 3363 3363
42 213 12940 12940
42 213 12941 12941
42 213 3362 3362
42 213 3361 3361
42 213 3360 3360
42 213 3359 3359
42 213 12942 12942
42 213 12943 12943
42 213 12944 12944
42 213 12945 12945
42 213 3358 3358
42 213 3357 3357
42 213 12946 12946
42 213 3356 3356
42 213 12947 12947
42 213 3355 3355
42 213 3354 3354
42 213 3353 3353
42 213 12948 12948
42 213 3352 3352
41 41 3352 12948
41 213 3351 3351
41 213 12949 12949
41 213 3350 3350
41 213 12950 12950
41 213 12951 12951
41 213 3349 3349
41 213 12952 12952
41 213 3348 3348
41 213 12953 12953
41 213 12954 12954
41 213 12955 12955
41 213 12956 12956
41 213 3347 3347
41 213 3346 3346
41 213 3345 3345
41 213 3344 3344
41 213 3343 3343
41 213 12957 12957
41 213 12958 12958
41 213 3342 3342
41 213 12959 12959
41 213 3341 3341
41 213 12960 12960
41 213 3340 3340
41 213 3339 3339
41 213 3338 3338
41 213 3337 3337
41 213 12961 12961
41 213 12962 12962
41 213 3336 3336
41 213 3335 3335
41 213 3334 3334
41 213 3333 3333
41 213 12963 12963
41 213 12964 12964
41 213 12965 12965
41 213 12966 12966
41 213 12967 12967
41 213 3332 3332
41 213 3331 3331
41 213 3330 3330
41 213 12968 12968
41 213 3329 3329
41 213 12969 12969
41 213 12970 12970
41 213 3328 3328
41 213 12971 12971
41 213 12972 12972
41 213 12973 12973
41 213 3327 3327
41 213 12974 12974
41 213 3326 3326
41 213 3325 3325
41 213 12975 12975
41 213 3324 3324
41 213 3323 3323
41 213 3322 3322
41 213 3321 3321
41 213 12976 12976
41 213 3320 3320
41 213 12977 12977
41 213 12978 12978
41 213 3319 3319
41 213 12979 12979
41 213 12980 12980
41 213 3318 3318
41 213 12981 12981
41 213 3317 3317
41 213 3316 3316
41 213 12982 12982
41 213 12983 12983
41 213 12984 12984
41 213 3315 3315
41 213 3314 3314
41 213 3313 3313
41 213 12985 12985
41 213 12986 12986
41 213 12987 12987
41 213 12988 12988
41 213 12989 12989
41 213 3312 3312
41 213 12990 12990
41 213 12991 12991
41 213 3311 3311
41 213 12992 12992
41 213 12993 12993
41 213 12994 12994
41 213 12995 12995
41 213 3310 3310
41 213 12996 12996
41 213 3309 3309
41 213 12997 12997
41 213 3308 3308
41 213 12998 12998
41 213 3307 3307
41 213 12999 12999
41 213 3306 3306
41 213 13000 13000
41 213 3305 3305
41 213 13001 13001
41 213 13002 13002
41 213 13003 13003
41 213 13004 13004
41 213 3304 3304
41 213 3303 3303
41 213 3302 3302
41 213 3301 3301
41 213 13005 13005
41 213 3300 3300
41 213 13006 13006
41 213 3299 3299
41 213 13007 13007
41 213 3298 3298
41 213 13008 13008
41 213 13009 13009
41 213 3297 3297
41 213 3296 3296
41 213 13010 13010
41 213 3295 3295
41 213 13011 13011
41 213 3294 3294
41 213 13012 13012
41 213 13013 13013
41 213 3293 3293
41 213 13014 13014
41 213 13015 13015
41 213 13016 13016
41 213 3292 3292
41 213 13017 13017
41 213 3291 3291
41 213 3290 3290
41 213 13018 13018
41 213 3289 3289
41 213 3288 3288
41 213 13019 13019
41 213 3287 3287
41 213 13020 13020
41 213 13021 13021
41 213 3286 3286
41 213 13022 13022
41 213 3285 3285
41 213 13023 13023
41 213 3284 3284
41 213 3283 3283
41 213 13024 13024
41 213 13025 13025
41 213 3282 3282
41 213 13026 13026
41 213 3281 3281
41 213 3280 3280
41 213 3279 3279
41 213 13027 13027
41 213 13028 13028
41 213 3278 3278
41 213 3277 3277
41 213 13029 13029
41 213 13030 13030
41 213 3276 3276
41 213 13031 13031
41 213 3275 3275
41 213 3274 3274
41 213 3273 3273
41 213 3272 3272
41 213 13032 13032
41 213 13033 13033
41 213 13034 13034
41 213 3271 3271
41 213 13035 13035
41 213 13036 13036
41 213 3270 3270
41 213 13037 13037
41 213 3269 3269
41 213 3268 3268
41 213 3267 3267
41 213 13038 13038
41 213 3266 3266
41 213 3265 3265
41 213 3264 3264
41 213 3263 3263
41 213 3262 3262
41 213 13039 13039
41 213 13040 13040
41 213 13041 13041
40 40 3262 13041
40 213 13042 13042
40 213 3261 3261
40 213 3260 3260
40 213 3259 3259
40 213 3258 3258
40 213 3257 3257
40 213 3256 3256
40 213 3255 3255
40 213 3254 3254
40 213 13043 13043
214 214 3254 13043
40 214 13044 13044
40 214 13045 13045
40 214 3253 3253
40 214 3252 3252
40 214 13046 13046
40 214 13047 13047
40 214 13048 13048
40 214 3251 3251
40 214 13049 13049
40 214 13050 13050
40 214 3250 3250
40 214 13051 13051
40 214 13052 13052
40 214 13053 13053
40 214 3249 3249
40 214 3248 3248
40 214 13054 13054
40 214 3247 3247
40 214 3246 3246
40 214 3245 3245
40 214 13055 13055
40 214 13056 13056
40 214 3244 3244
40 214 3243 3243
40 214 3242 3242
40 214 13057 13057
40 214 13058 13058
40 214 3241 3241
40 214 13059 13059
40 214 3240 3240
40 214 13060 13060
40 214 3239 3239
40 214 13061 13061
40 214 13062 13062
40 214 3238 3238
40 214 13063 13063
40 214 3237 3237
40 214 3236 3236
40 214 13064 13064
40 214 13065 13065
40 214 13066 13066
40 214 13067 13067
40 214 13068 13068
40 214 13069 13069
40 214 13070 13070
40 214 13071 13071
40 214 13072 13072
40 214 3235 3235
40 214 13073 13073
40 214 3234 3234
40 214 3233 3233
40 214 13074 13074
40 214 3232 3232
40 214 13075 13075
40 214 13076 13076
40 214 3231 3231
40 214 13077 13077
40 214 13078 13078
40 214 3230 3230
40 214 13079 13079
40 214 3229 3229
40 214 13080 13080
40 214 13081 13081
40 214 13082 13082
40 214 3228 3228
40 214 13083 13083
40 214 3227 3227
40 214 13084 13084
40 214 3226 3226
40 214 13085 13085
40 214 13086 13086
40 214 13087 13087
40 214 3225 3225
40 214 13088 13088
40 214 3224 3224
40 214 13089 13089
40 214 13090 13090
40 214 3223 3223
40 214 13091 13091
40 214 13092 13092
40 214 3222 3222
40 214 3221 3221
40 214 13093 13093
40 214 3220 3220
40 214 3219 3219
40 214 13094 13094
40 214 3218 3218
40 214 13095 13095
40 214 13096 13096
40 214 3217 3217
40 214 13097 13097
40 214 3216 3216
40 214 3215 3215
40 214 3214 3214
40 214 13098 13098
40 214 3213 3213
40 214 13099 13099
40 214 13100 13100
40 214 3212 3212
40 214 3211 3211
40 214 13101 13101
40 214 13102 13102
40 214 3210 3210
40 214 3209 3209
40 214 3208 3208
40 214 13103 13103
40 214 13104 13104
40 214 13105 13105
40 214 13106 13106
40 214 3207 3207
40 214 13107 13107
40 214 3206 3206
40 214 3205 3205
40 214 13108 13108
40 214 13109 13109
40 214 3204 3204
40 214 13110 13110
40 214 13111 13111
40 214 3203 3203
40 214 3202 3202
40 214 3201 3201
40 214 13112 13112
40 214 3200 3200
40 214 13113 13113
40 214 13114 13114
40 214 3199 3199
40 214 13115 13115
40 214 13116 13116
40 214 3198 3198
40 214 3197 3197
40 214 13117 13117
40 214 3196 3196
40 214 13118 13118
40 214 13119 13119
40 214 13120 13120
40 214 3195 3195
215 215 3195 13120
40 215 3194 3194
40 215 3193 3193
40 215 3192 3192
40 215 3191 3191
40 215 13121 13121
40 215 3190 3190
40 215 13122 13122
40 215 13123 13123
40 215 3189 3189
40 215 3188 3188
40 215 3187 3187
40 215 13124 13124
40 215 13125 13125
40 215 13126 13126
40 215 13127 13127
40 215 3186 3186
40 215 13128 13128
40 215 3185 3185
40 215 13129 13129
40 215 3184 3184
40 215 3183 3183
40 215 3182 3182
40 215 13130 13130
40 215 3181 3181
40 215 3180 3180
40 215 3179 3179
40 215 3178 3178
40 215 13131 13131
40 215 3177 3177
40 215 3176 3176
40 215 13132 13132
40 215 13133 13133
40 215 13134 13134
40 215 13135 13135
40 215 3175 3175
40 215 3174 3174
40 215 3173 3173
40 215 3172 3172
40 215 3171 3171
40 215 13136 13136
40 215 3170 3170
40 215 13137 13137
40 215 13138 13138
40 215 13139 13139
40 215 3169 3169
40 215 13140 13140
40 215 13141 13141
39 39 3169 13141
39 215 3168 3168
39 215 13142 13142
39 215 13143 13143
39 215 13144 13144
39 215 3167 3167
39 215 13145 13145
39 215 13146 13146
39 215 3166 3166
39 215 3165 3165
39 215 13147 13147
39 215 3164 3164
39 215 3163 3163
39 215 13148 13148
39 215 13149 13149
39 215 3162 3162
39 215 3161 3161
39 215 13150 13150
38 38 3161 13150
38 215 13151 13151
38 215 3160 3160
38 215 13152 13152
38 215 3159 3159
38 215 3158 3158
38 215 3157 3157
38 215 3156 3156
38 215 3155 3155
38 215 13153 13153
216 216 3155 13153
38 216 3154 3154
38 216 3153 3153
38 216 13154 13154
38 216 13155 13155
38 216 3152 3152
38 216 3151 3151
38 216 3150 3150
38 216 13156 13156
38 216 3149 3149
38 216 3148 3148
38 216 13157 13157
38 216 13158 13158
38 216 13159 13159
38 216 3147 3147
38 216 13160 13160
38 216 3146 3146
38 216 3145 3145
38 216 13161 13161
38 216 13162 13162
38 216 13163 13163
38 216 3144 3144
38 216 13164 13164
38 216 13165 13165
38 216 3143 3143
38 216 3142 3142
38 216 3141 3141
38 216 3140 3140
38 216 3139 3139
38 216 3138 3138
38 216 13166 13166
38 216 3137 3137
38 216 3136 3136
38 216 3135 3135
38 216 13167 13167
38 216 13168 13168
38 216 3134 3134
38 216 3133 3133
38 216 13169 13169
38 216 3132 3132
38 216 13170 13170
38 216 3131 3131
38 216 13171 13171
38 216 3130 3130
38 216 3129 3129
38 216 3128 3128
38 216 13172 13172
38 216 3127 3127
38 216 3126 3126
38 216 3125 3125
38 216 13173 13173
38 216 3124 3124
38 216 13174 13174
38 216 13175 13175
38 216 3123 3123
38 216 3122 3122
38 216 13176 13176
38 216 13177 13177
38 216 3121 3121
38 216 13178 13178
38 216 3120 3120
38 216 13179 13179
38 216 13180 13180
38 216 13181 13181
38 216 3119 3119
38 216 3118 3118
38 216 13182 13182
38 216 3117 3117
38 216 3116 3116
38 216 13183 13183
38 216 13184 13184
38 216 3115 3115
38 216 3114 3114
38 216 13185 13185
38 216 3113 3113
38 216 3112 3112
38 216 3111 3111
38 216 13186 13186
38 216 3110 3110
38 216 13187 13187
38 216 3109 3109
38 216 3108 3108
38 216 3107 3107
38 216 13188 13188
38 216 3106 3106
38 216 13189 13189
38 216 13190 13190
38 216 13191 13191
38 216 3105 3105
38 216 3104 3104
38 216 3103 3103
38 216 13192 13192
38 216 13193 13193
38 216 3102 3102
38 216 3101 3101
38 216 13194 13194
38 216 13195 13195
38 216 3100 3100
38 216 13196 13196
38 216 3099 3099
38 216 3098 3098
38 216 13197 13197
38 216 3097 3097
38 216 3096 3096
38 216 3095 3095
38 216 13198 13198
38 216 3094 3094
38 216 13199 13199
38 216 3093 3093
38 216 3092 3092
38 216 13200 13200
38 216 13201 13201
38 216 3091 3091
38 216 13202 13202
38 216 13203 13203
38 216 13204 13204
38 216 13205 13205
38 216 13206 13206
38 216 3090 3090
38 216 13207 13207
38 216 13208 13208
38 216 13209 13209
38 216 3089 3089
38 216 13210 13210
38 216 3088 3088
38 216 3087 3087
38 216 3086 3086
38 216 13211 13211
38 216 3085 3085
38 216 13212 13212
38 216 3084 3084
38 216 3083 3083
38 216 13213 13213
38 216 13214 13214
38 216 13215 13215
38 216 13216 13216
38 216 13217 13217
38 216 13218 13218
38 216 3082 3082
38 216 3081 3081
38 216 3080 3080
38 216 3079 3079
38 216 3078 3078
38 216 13219 13219
38 216 13220 13220
38 216 3077 3077
38 216 3076 3076
38 216 13221 13221
38 216 13222 13222
38 216 3075 3075
217 217 3075 13222
38 217 3074 3074
38 217 3073 3073
38 217 3072 3072
38 217 13223 13223
38 217 3071 3071
38 217 3070 3070
38 217 3069 3069
38 217 3068 3068
38 217 13224 13224
38 217 3067 3067
38 217 13225 13225
38 217 3066 3066
38 217 13226 13226
38 217 3065 3065
38 217 3064 3064
38 217 13227 13227
38 217 13228 13228
38 217 3063 3063
38 217 13229 13229
38 217 13230 13230
38 217 3062 3062
38 217 13231 13231
38 217 3061 3061
38 217 13232 13232
38 217 3060 3060
38 217 3059 3059
38 217 13233 13233
38 217 3058 3058
38 217 3057 3057
38 217 13234 13234
38 217 3056 3056
38 217 13235 13235
38 217 13236 13236
38 217 13237 13237
37 37 3056 13237
37 217 3055 3055
37 217 13238 13238
37 217 3054 3054
37 217 3053 3053
37 217 13239 13239
37 217 13240 13240
37 217 3052 3052
37 217 3051 3051
37 217 13241 13241
37 217 3050 3050
37 217 13242 13242
37 217 3049 3049
37 217 13243 13243
37 217 13244 13244
37 217 13245 13245
37 217 13246 13246
37 217 13247 13247
37 217 13248 13248
37 217 3048 3048
37 217 3047 3047
37 217 13249 13249
37 217 13250 13250
37 217 13251 13251
37 217 3046 3046
37 217 3045 3045
37 217 13252 13252
37 217 13253 13253
37 217 13254 13254
37 217 13255 13255
37 217 3044 3044
37 217 3043 3043
37 217 13256 13256
37 217 13257 13257
37 217 3042 3042
36 36 3042 13257
36 217 3041 3041
36 217 3040 3040
36 217 13258 13258
36 217 13259 13259
36 217 13260 13260
36 217 13261 13261
36 217 3039 3039
36 217 3038 3038
36 217 3037 3037
36 217 13262 13262
36 217 3036 3036
36 217 3035 3035
36 217 3034 3034
36 217 3033 3033
36 217 3032 3032
36 217 3031 3031
36 217 13263 13263
36 217 3030 3030
36 217 13264 13264
36 217 3029 3029
36 217 3028 3028
36 217 13265 13265
36 217 13266 13266
36 217 3027 3027
36 217 3026 3026
36 217 3025 3025
36 217 3024 3024
36 217 3023 3023
36 217 13267 13267
36 217 13268 13268
36 217 3022 3022
36 217 13269 13269
36 217 13270 13270
36 217 13271 13271
36 217 13272 13272
36 217 13273 13273
36 217 13274 13274
36 217 3021 3021
36 217 13275 13275
36 217 3020 3020
36 217 3019 3019
36 217 3018 3018
36 217 3017 3017
36 217 3016 3016
36 217 3015 3015
36 217 3014 3014
36 217 13276 13276
36 217 3013 3013
36 217 13277 13277
36 217 13278 13278
36 217 3012 3012
36 217 13279 13279
36 217 3011 3011
36 217 13280 13280
36 217 3010 3010
36 217 13281 13281
36 217 3009 3009
36 217 13282 13282
36 217 3008 3008
36 217 13283 13283
36 217 3007 3007
36 217 13284 13284
36 217 13285 13285
36 217 13286 13286
36 217 13287 13287
36 217 3006 3006
36 217 3005 3005
36 217 3004 3004
36 217 3003 3003
36 217 13288 13288
36 217 13289 13289
36 217 13290 13290
36 217 13291 13291
36 217 3002 3002
36 217 13292 13292
35 35 3002 13292
35 217 3001 3001
35 217 13293 13293
35 217 13294 13294
35 217 3000 3000
35 217 13295 13295
35 217 2999 2999
35 217 2998 2998
35 217 2997 2997
35 217 2996 2996
35 217 13296 13296
35 217 13297 13297
35 217 13298 13298
35 217 13299 13299
35 217 2995 2995
35 217 13300 13300
35 217 13301 13301
35 217 2994 2994
35 217 13302 13302
35 217 2993 2993
35 217 13303 13303
35 217 2992 2992
35 217 2991 2991
35 217 13304 13304
35 217 13305 13305
35 217 2990 2990
35 217 13306 13306
35 217 13307 13307
35 217 2989 2989
35 217 13308 13308
35 217 2988 2988
35 217 13309 13309
35 217 2987 2987
35 217 13310 13310
35 217 13311 13311
35 217 2986 2986
35 217 13312 13312
35 217 13313 13313
35 217 13314 13314
35 217 13315 13315
35 217 2985 2985
35 217 13316 13316
35 217 13317 13317
35 217 2984 2984
35 217 13318 13318
35 217 2983 2983
35 217 2982 2982
35 217 13319 13319
35 217 2981 2981
35 217 13320 13320
35 217 2980 2980
35 217 13321 13321
35 217 13322 13322
35 217 2979 2979
35 217 2978 2978
35 217 2977 2977
35 217 2976 2976
35 217 2975 2975
35 217 13323 13323
35 217 13324 13324
35 217 13325 13325
35 217 13326 13326
35 217 2974 2974
35 217 13327 13327
35 217 13328 13328
35 217 13329 13329
35 217 13330 13330
35 217 13331 13331
35 217 2973 2973
35 217 13332 13332
35 217 13333 13333
35 217 2972 2972
35 217 2971 2971
35 217 2970 2970
35 217 13334 13334
35 217 2969 2969
35 217 2968 2968
35 217 13335 13335
35 217 2967 2967
34 34 2967 13335
34 217 13336 13336
34 217 2966 2966
33 33 2966 13336
33 217 2965 2965
33 217 13337 13337
33 217 2964 2964
33 217 2963 2963
33 217 13338 13338
33 217 13339 13339
33 217 13340 13340
33 217 2962 2962
33 217 13341 13341
33 217 13342 13342
33 217 13343 13343
33 217 13344 13344
33 217 13345 13345
33 217 2961 2961
33 217 13346 13346
33 217 13347 13347
33 217 2960 2960
33 217 2959 2959
33 217 2958 2958
33 217 2957 2957
33 217 2956 2956
33 217 13348 13348
33 217 13349 13349
33 217 2955 2955
33 217 13350 13350
33 217 2954 2954
33 217 13351 13351
33 217 2953 2953
33 217 13352 13352
33 217 13353 13353
33 217 2952 2952
32 32 2952 13353
32 217 13354 13354
32 217 2951 2951
32 217 13355 13355
32 217 13356 13356
32 217 2950 2950
32 217 13357 13357
32 217 2949 2949
32 217 13358 13358
218 218 2949 13358
32 218 13359 13359
32 218 13360 13360
32 218 2948 2948
32 218 13361 13361
32 218 2947 2947
32 218 13362 13362
32 218 2946 2946
32 218 2945 2945
32 218 13363 13363
32 218 2944 2944
32 218 13364 13364
32 218 13365 13365
32 218 13366 13366
32 218 13367 13367
32 218 13368 13368
32 218 13369 13369
32 218 2943 2943
32 218 2942 2942
32 218 13370 13370
32 218 2941 2941
32 218 2940 2940
32 218 13371 13371
32 218 13372 13372
32 218 13373 13373
32 218 13374 13374
32 218 2939 2939
32 218 13375 13375
32 218 2938 2938
32 218 2937 2937
32 218 2936 2936
32 218 2935 2935
32 218 13376 13376
32 218 13377 13377
32 218 2934 2934
32 218 13378 13378
32 218 2933 2933
219 219 2933 13378
32 219 13379 13379
32 219 2932 2932
32 219 13380 13380
32 219 2931 2931
32 219 13381 13381
32 219 13382 13382
32 219 13383 13383
32 219 2930 2930
32 219 13384 13384
32 219 2929 2929
32 219 2928 2928
32 219 13385 13385
32 219 2927 2927
32 219 2926 2926
32 219 2925 2925
32 219 13386 13386
32 219 2924 2924
32 219 2923 2923
32 219 13387 13387
32 219 13388 13388
32 219 2922 2922
32 219 2921 2921
32 219 13389 13389
32 219 2920 2920
32 219 13390 13390
32 219 2919 2919
32 219 13391 13391
32 219 13392 13392
220 220 2919 13392
32 220 13393 13393
32 220 13394 13394
32 220 13395 13395
32 220 2918 2918
32 220 2917 2917
32 220 13396 13396
32 220 13397 13397
32 220 13398 13398
32 220 13399 13399
32 220 13400 13400
32 220 2916 2916
32 220 2915 2915
32 220 13401 13401
32 220 2914 2914
32 220 13402 13402
32 220 2913 2913
32 220 2912 2912
32 220 2911 2911
32 220 2910 2910
32 220 2909 2909
32 220 13403 13403
32 220 13404 13404
32 220 2908 2908
32 220 13405 13405
32 220 13406 13406
32 220 13407 13407
32 220 13408 13408
32 220 13409 13409
32 220 2907 2907
32 220 2906 2906
32 220 13410 13410
32 220 13411 13411
32 220 13412 13412
32 220 2905 2905
32 220 13413 13413
32 220 13414 13414
32 220 2904 2904
31 31 2904 13414
31 220 2903 2903
31 220 13415 13415
31 220 13416 13416
31 220 2902 2902
31 220 2901 2901
31 220 13417 13417
31 220 13418 13418
221 221 2901 13418
31 221 13419 13419
31 221 13420 13420
31 221 2900 2900
31 221 2899 2899
31 221 13421 13421
31 221 2898 2898
31 221 13422 13422
222 222 2898 13422
31 222 13423 13423
31 222 2897 2897
31 222 2896 2896
31 222 2895 2895
31 222 2894 2894
31 222 2893 2893
31 222 13424 13424
31 222 2892 2892
31 222 2891 2891
31 222 2890 2890
31 222 13425 13425
31 222 2889 2889
31 222 2888 2888
31 222 13426 13426
31 222 13427 13427
31 222 2887 2887
31 222 13428 13428
31 222 2886 2886
31 222 2885 2885
31 222 2884 2884
31 222 13429 13429
31 222 13430 13430
31 222 2883 2883
31 222 2882 2882
31 222 2881 2881
31 222 2880 2880
31 222 13431 13431
31 222 13432 13432
31 222 2879 2879
31 222 13433 13433
31 222 13434 13434
31 222 2878 2878
31 222 2877 2877
31 222 13435 13435
31 222 2876 2876
31 222 2875 2875
31 222 2874 2874
31 222 13436 13436
31 222 2873 2873
31 222 2872 2872
31 222 13437 13437
31 222 2871 2871
31 222 13438 13438
31 222 13439 13439
31 222 2870 2870
31 222 2869 2869
31 222 2868 2868
31 222 2867 2867
31 222 13440 13440
31 222 13441 13441
31 222 2866 2866
31 222 13442 13442
31 222 2865 2865
31 222 13443 13443
31 222 2864 2864
31 222 13444 13444
31 222 13445 13445
31 222 2863 2863
31 222 2862 2862
31 222 2861 2861
31 222 13446 13446
31 222 2860 2860
31 222 2859 2859
31 222 2858 2858
31 222 2857 2857
31 222 13447 13447
31 222 2856 2856
31 222 13448 13448
31 222 2855 2855
31 222 2854 2854
31 222 2853 2853
31 222 2852 2852
31 222 2851 2851
31 222 13449 13449
31 222 13450 13450
31 222 13451 13451
31 222 13452 13452
31 222 13453 13453
31 222 13454 13454
31 222 13455 13455
31 222 13456 13456
31 222 13457 13457
31 222 2850 2850
31 222 13458 13458
31 222 13459 13459
31 222 13460 13460
31 222 2849 2849
31 222 2848 2848
31 222 2847 2847
31 222 13461 13461
31 222 13462 13462
31 222 13463 13463
31 222 13464 13464
31 222 13465 13465
31 222 13466 13466
31 222 13467 13467
31 222 2846 2846
31 222 13468 13468
31 222 2845 2845
31 222 13469 13469
31 222 2844 2844
31 222 2843 2843
31 222 13470 13470
31 222 2842 2842
31 222 2841 2841
31 222 13471 13471
31 222 2840 2840
31 222 2839 2839
31 222 13472 13472
31 222 2838 2838
31 222 13473 13473
31 222 2837 2837
31 222 13474 13474
31 222 13475 13475
31 222 13476 13476
31 222 2836 2836
31 222 2835 2835
31 222 2834 2834
31 222 2833 2833
31 222 13477 13477
31 222 2832 2832
31 222 2831 2831
31 222 2830 2830
31 222 2829 2829
31 222 13478 13478
31 222 13479 13479
31 222 13480 13480
31 222 2828 2828
31 222 2827 2827
31 222 2826 2826
31 222 2825 2825
31 222 2824 2824
31 222 13481 13481
31 222 2823 2823
31 222 2822 2822
31 222 2821 2821
31 222 13482 13482
31 222 2820 2820
31 222 2819 2819
31 222 13483 13483
31 222 13484 13484
31 222 13485 13485
31 222 13486 13486
31 222 13487 13487
31 222 2818 2818
31 222 13488 13488
31 222 13489 13489
31 222 13490 13490
31 222 13491 13491
31 222 13492 13492
31 222 2817 2817
31 222 13493 13493
31 222 2816 2816
31 222 13494 13494
31 222 13495 13495
31 222 2815 2815
31 222 2814 2814
31 222 13496 13496
31 222 13497 13497
31 222 13498 13498
31 222 13499 13499
31 222 2813 2813
31 222 2812 2812
31 222 2811 2811
31 222 13500 13500
31 222 13501 13501
31 222 2810 2810
31 222 13502 13502
31 222 2809 2809
31 222 13503 13503
31 222 13504 13504
31 222 13505 13505
31 222 13506 13506
31 222 13507 13507
31 222 2808 2808
31 222 13508 13508
31 222 13509 13509
31 222 2807 2807
31 222 13510 13510
31 222 13511 13511
31 222 2806 2806
31 222 13512 13512
31 222 2805 2805
31 222 13513 13513
31 222 13514 13514
31 222 2804 2804
31 222 13515 13515
31 222 13516 13516
31 222 2803 2803
31 222 13517 13517
31 222 2802 2802
31 222 13518 13518
31 222 2801 2801
31 222 2800 2800
31 222 13519 13519
31 222 2799 2799
31 222 13520 13520
31 222 13521 13521
31 222 13522 13522
31 222 13523 13523
31 222 13524 13524
31 222 13525 13525
31 222 13526 13526
31 222 2798 2798
31 222 13527 13527
31 222 13528 13528
31 222 13529 13529
31 222 13530 13530
31 222 2797 2797
31 222 2796 2796
31 222 2795 2795
31 222 13531 13531
31 222 13532 13532
31 222 13533 13533
31 222 13534 13534
31 222 13535 13535
31 222 13536 13536
31 222 13537 13537
31 222 2794 2794
31 222 13538 13538
31 222 2793 2793
31 222 13539 13539
31 222 2792 2792
31 222 13540 13540
31 222 13541 13541
31 222 13542 13542
31 222 2791 2791
31 222 2790 2790
31 222 2789 2789
31 222 13543 13543
31 222 2788 2788
31 222 13544 13544
31 222 13545 13545
31 222 2787 2787
31 222 2786 2786
31 222 2785 2785
31 222 13546 13546
31 222 13547 13547
31 222 13548 13548
31 222 2784 2784
31 222 2783 2783
31 222 13549 13549
31 222 2782 2782
31 222 13550 13550
31 222 2781 2781
31 222 2780 2780
31 222 2779 2779
31 222 13551 13551
31 222 13552 13552
31 222 2778 2778
31 222 2777 2777
31 222 13553 13553
31 222 13554 13554
31 222 13555 13555
31 222 2776 2776
31 222 13556 13556
31 222 13557 13557
31 222 13558 13558
31 222 2775 2775
31 222 2774 2774
31 222 13559 13559
31 222 2773 2773
31 222 13560 13560
31 222 2772 2772
31 222 2771 2771
31 222 2770 2770
31 222 13561 13561
31 222 13562 13562
31 222 13563 13563
31 222 2769 2769
31 222 2768 2768
31 222 2767 2767
31 222 2766 2766
31 222 2765 2765
31 222 13564 13564
31 222 13565 13565
31 222 13566 13566
31 222 2764 2764
31 222 13567 13567
31 222 2763 2763
31 222 2762 2762
31 222 13568 13568
31 222 2761 2761
31 222 13569 13569
31 222 13570 13570
223 223 2761 13570
31 223 2760 2760
31 223 13571 13571
31 223 13572 13572
31 223 2759 2759
31 223 2758 2758
31 223 13573 13573
31 223 2757 2757
31 223 2756 2756
31 223 13574 13574
31 223 2755 2755
224 224 2755 13574
31 224 2754 2754
31 224 2753 2753
31 224 13575 13575
31 224 2752 2752
31 224 2751 2751
31 224 2750 2750
31 224 2749 2749
31 224 2748 2748
31 224 13576 13576
31 224 2747 2747
31 224 13577 13577
31 224 13578 13578
31 224 2746 2746
31 224 2745 2745
31 224 2744 2744
31 224 13579 13579
31 224 13580 13580
31 224 2743 2743
31 224 2742 2742
31 224 2741 2741
31 224 2740 2740
31 224 13581 13581
31 224 2739 2739
31 224 2738 2738
31 224 13582 13582
31 224 13583 13583
31 224 13584 13584
31 224 2737 2737
31 224 13585 13585
31 224 2736 2736
31 224 13586 13586
31 224 2735 2735
31 224 2734 2734
31 224 13587 13587
31 224 13588 13588
31 224 13589 13589
31 224 2733 2733
31 224 13590 13590
31 224 13591 13591
31 224 2732 2732
31 224 13592 13592
31 224 13593 13593
31 224 13594 13594
31 224 13595 13595
31 224 13596 13596
31 224 2731 2731
31 224 2730 2730
31 224 13597 13597
31 224 13598 13598
31 224 2729 2729
31 224 13599 13599
31 224 2728 2728
31 224 2727 2727
31 224 13600 13600
31 224 13601 13601
31 224 13602 13602
31 224 2726 2726
31 224 13603 13603
31 224 2725 2725
31 224 13604 13604
31 224 2724 2724
31 224 13605 13605
31 224 13606 13606
31 224 2723 2723
31 224 13607 13607
31 224 13608 13608
31 224 13609 13609
31 224 13610 13610
31 224 13611 13611
31 224 13612 13612
31 224 13613 13613
31 224 13614 13614
31 224 13615 13615
31 224 13616 13616
31 224 13617 13617
31 224 2722 2722
31 224 13618 13618
31 224 13619 13619
31 224 2721 2721
31 224 2720 2720
31 224 13620 13620
31 224 2719 2719
31 224 2718 2718
31 224 2717 2717
31 224 13621 13621
31 224 2716 2716
31 224 13622 13622
31 224 13623 13623
31 224 13624 13624
31 224 13625 13625
31 224 2715 2715
31 224 2714 2714
31 224 2713 2713
31 224 13626 13626
31 224 2712 2712
31 224 13627 13627
31 224 13628 13628
31 224 2711 2711
31 224 13629 13629
31 224 2710 2710
31 224 2709 2709
31 224 13630 13630
31 224 2708 2708
31 224 2707 2707
31 224 13631 13631
31 224 13632 13632
31 224 2706 2706
31 224 13633 13633
31 224 13634 13634
31 224 13635 13635
31 224 2705 2705
31 224 13636 13636
31 224 2704 2704
31 224 2703 2703
31 224 13637 13637
31 224 2702 2702
31 224 2701 2701
31 224 2700 2700
31 224 13638 13638
31 224 13639 13639
31 224 13640 13640
31 224 13641 13641
31 224 2699 2699
31 224 2698 2698
225 225 2698 13641
31 225 13642 13642
31 225 2697 2697
31 225 13643 13643
31 225 2696 2696
31 225 13644 13644
31 225 2695 2695
31 225 2694 2694
31 225 2693 2693
31 225 2692 2692
31 225 2691 2691
31 225 2690 2690
31 225 2689 2689
31 225 13645 13645
31 225 2688 2688
31 225 2687 2687
31 225 2686 2686
31 225 2685 2685
31 225 13646 13646
31 225 2684 2684
31 225 2683 2683
31 225 13647 13647
31 225 2682 2682
31 225 2681 2681
31 225 2680 2680
31 225 2679 2679
31 225 2678 2678
31 225 13648 13648
31 225 2677 2677
31 225 13649 13649
31 225 2676 2676
226 226 2676 13649
31 226 13650 13650
31 226 2675 2675
227 227 2675 13650
31 227 2674 2674
228 228 2674 13650
31 228 13651 13651
31 228 2673 2673
31 228 2672 2672
31 228 2671 2671
31 228 2670 2670
31 228 2669 2669
31 228 2668 2668
31 228 13652 13652
31 228 13653 13653
31 228 13654 13654
31 228 13655 13655
31 228 2667 2667
31 228 13656 13656
31 228 13657 13657
31 228 2666 2666
31 228 13658 13658
31 228 13659 13659
31 228 13660 13660
31 228 13661 13661
31 228 13662 13662
31 228 2665 2665
31 228 2664 2664
31 228 2663 2663
31 228 13663 13663
31 228 13664 13664
31 228 2662 2662
31 228 13665 13665
31 228 13666 13666
31 228 13667 13667
31 228 13668 13668
31 228 13669 13669
31 228 13670 13670
31 228 2661 2661
31 228 2660 2660
31 228 2659 2659
31 228 13671 13671
31 228 2658 2658
31 228 2657 2657
31 228 13672 13672
31 228 13673 13673
31 228 2656 2656
31 228 13674 13674
31 228 13675 13675
31 228 13676 13676
31 228 2655 2655
31 228 13677 13677
31 228 13678 13678
31 228 2654 2654
31 228 13679 13679
31 228 2653 2653
31 228 2652 2652
31 228 2651 2651
31 228 2650 2650
31 228 13680 13680
31 228 13681 13681
31 228 13682 13682
31 228 2649 2649
31 228 13683 13683
31 228 13684 13684
31 228 2648 2648
31 228 13685 13685
31 228 2647 2647
31 228 13686 13686
31 228 13687 13687
31 228 2646 2646
31 228 13688 13688
31 228 2645 2645
31 228 13689 13689
31 228 13690 13690
31 228 13691 13691
31 228 2644 2644
31 228 13692 13692
31 228 2643 2643
31 228 2642 2642
31 228 2641 2641
31 228 2640 2640
31 228 13693 13693
31 228 13694 13694
31 228 13695 13695
31 228 2639 2639
31 228 13696 13696
31 228 2638 2638
31 228 2637 2637
31 228 13697 13697
31 228 13698 13698
31 228 13699 13699
31 228 2636 2636
31 228 13700 13700
31 228 13701 13701
229 229 2636 13701
31 229 13702 13702
31 229 13703 13703
31 229 13704 13704
31 229 2635 2635
31 229 2634 2634
31 229 2633 2633
31 229 13705 13705
31 229 2632 2632
31 229 13706 13706
31 229 2631 2631
31 229 13707 13707
31 229 13708 13708
31 229 2630 2630
31 229 2629 2629
31 229 13709 13709
31 229 2628 2628
31 229 2627 2627
31 229 13710 13710
31 229 2626 2626
31 229 2625 2625
31 229 13711 13711
31 229 13712 13712
31 229 13713 13713
31 229 2624 2624
31 229 13714 13714
31 229 13715 13715
31 229 2623 2623
31 229 13716 13716
31 229 13717 13717
31 229 2622 2622
31 229 2621 2621
31 229 13718 13718
31 229 13719 13719
31 229 2620 2620
31 229 2619 2619
31 229 2618 2618
31 229 13720 13720
31 229 2617 2617
31 229 13721 13721
31 229 13722 13722
31 229 13723 13723
31 229 2616 2616
31 229 13724 13724
31 229 2615 2615
31 229 2614 2614
31 229 13725 13725
31 229 2613 2613
31 229 13726 13726
31 229 2612 2612
31 229 2611 2611
31 229 13727 13727
31 229 13728 13728
31 229 2610 2610
31 229 13729 13729
31 229 2609 2609
31 229 2608 2608
31 229 13730 13730
31 229 2607 2607
31 229 2606 2606
31 229 13731 13731
31 229 13732 13732
31 229 13733 13733
31 229 2605 2605
31 229 13734 13734
31 229 2604 2604
31 229 2603 2603
31 229 13735 13735
31 229 13736 13736
31 229 13737 13737
31 229 2602 2602
31 229 2601 2601
230 230 2601 13737
31 230 13738 13738
31 230 13739 13739
31 230 2600 2600
31 230 13740 13740
31 230 13741 13741
31 230 2599 2599
31 230 13742 13742
31 230 2598 2598
31 230 13743 13743
31 230 13744 13744
31 230 2597 2597
31 230 2596 2596
31 230 2595 2595
31 230 2594 2594
31 230 13745 13745
31 230 13746 13746
31 230 2593 2593
31 230 13747 13747
31 230 2592 2592
31 230 2591 2591
31 230 2590 2590
31 230 2589 2589
31 230 2588 2588
31 230 2587 2587
31 230 13748 13748
31 230 2586 2586
31 230 2585 2585
31 230 2584 2584
31 230 2583 2583
31 230 2582 2582
31 230 13749 13749
31 230 13750 13750
31 230 13751 13751
31 230 13752 13752
31 230 2581 2581
31 230 2580 2580
31 230 2579 2579
31 230 13753 13753
31 230 2578 2578
31 230 13754 13754
31 230 2577 2577
31 230 13755 13755
31 230 13756 13756
31 230 13757 13757
31 230 2576 2576
31 230 13758 13758
31 230 2575 2575
31 230 2574 2574
31 230 13759 13759
31 230 13760 13760
31 230 2573 2573
31 230 13761 13761
31 230 2572 2572
31 230 13762 13762
31 230 2571 2571
31 230 2570 2570
31 230 2569 2569
31 230 2568 2568
31 230 2567 2567
31 230 13763 13763
31 230 2566 2566
31 230 2565 2565
31 230 13764 13764
31 230 13765 13765
31 230 2564 2564
31 230 13766 13766
31 230 13767 13767
31 230 2563 2563
31 230 13768 13768
31 230 2562 2562
31 230 13769 13769
31 230 2561 2561
31 230 2560 2560
31 230 2559 2559
31 230 2558 2558
31 230 2557 2557
31 230 13770 13770
31 230 13771 13771
31 230 13772 13772
31 230 13773 13773
31 230 13774 13774
31 230 13775 13775
31 230 2556 2556
31 230 13776 13776
31 230 2555 2555
31 230 2554 2554
31 230 2553 2553
31 230 2552 2552
31 230 2551 2551
31 230 13777 13777
31 230 13778 13778
31 230 13779 13779
31 230 2550 2550
31 230 13780 13780
31 230 2549 2549
31 230 13781 13781
31 230 13782 13782
31 230 13783 13783
31 230 2548 2548
31 230 13784 13784
31 230 2547 2547
31 230 2546 2546
31 230 13785 13785
31 230 2545 2545
31 230 13786 13786
31 230 13787 13787
31 230 2544 2544
31 230 13788 13788
31 230 2543 2543
31 230 13789 13789
31 230 13790 13790
31 230 2542 2542
31 230 13791 13791
31 230 2541 2541
31 230 13792 13792
31 230 2540 2540
31 230 13793 13793
31 230 2539 2539
31 230 13794 13794
31 230 2538 2538
31 230 2537 2537
31 230 2536 2536
31 230 2535 2535
31 230 2534 2534
31 230 13795 13795
31 230 2533 2533
31 230 13796 13796
31 230 13797 13797
31 230 2532 2532
31 230 2531 2531
31 230 2530 2530
31 230 13798 13798
31 230 13799 13799
31 230 2529 2529
31 230 2528 2528
31 230 13800 13800
31 230 13801 13801
31 230 2527 2527
31 230 13802 13802
31 230 13803 13803
31 230 13804 13804
31 230 2526 2526
31 230 13805 13805
31 230 13806 13806
31 230 13807 13807
31 230 2525 2525
31 230 2524 2524
31 230 2523 2523
31 230 2522 2522
31 230 2521 2521
31 230 13808 13808
31 230 13809 13809
31 230 2520 2520
31 230 13810 13810
31 230 2519 2519
31 230 13811 13811
31 230 13812 13812
31 230 13813 13813
31 230 13814 13814
31 230 2518 2518
31 230 13815 13815
31 230 2517 2517
31 230 13816 13816
31 230 2516 2516
31 230 13817 13817
31 230 2515 2515
31 230 2514 2514
31 230 2513 2513
31 230 2512 2512
31 230 13818 13818
31 230 2511 2511
31 230 2510 2510
31 230 13819 13819
31 230 2509 2509
31 230 13820 13820
31 230 13821 13821
31 230 13822 13822
31 230 2508 2508
31 230 13823 13823
31 230 2507 2507
31 230 13824 13824
31 230 13825 13825
31 230 2506 2506
31 230 2505 2505
31 230 13826 13826
31 230 13827 13827
31 230 13828 13828
31 230 2504 2504
31 230 2503 2503
31 230 2502 2502
31 230 13829 13829
31 230 13830 13830
31 230 2501 2501
31 230 13831 13831
31 230 13832 13832
31 230 13833 13833
31 230 2500 2500
31 230 2499 2499
31 230 13834 13834
31 230 2498 2498
31 230 2497 2497
31 230 2496 2496
31 230 2495 2495
31 230 2494 2494
31 230 2493 2493
31 230 2492 2492
231 231 2492 13834
31 231 13835 13835
31 231 2491 2491
31 231 2490 2490
31 231 2489 2489
31 231 13836 13836
31 231 13837 13837
31 231 13838 13838
31 231 13839 13839
31 231 13840 13840
31 231 13841 13841
31 231 13842 13842
31 231 2488 2488
31 231 2487 2487
31 231 2486 2486
31 231 2485 2485
232 232 2485 13842
31 232 2484 2484
31 232 13843 13843
31 232 2483 2483
31 232 13844 13844
31 232 2482 2482
31 232 13845 13845
31 232 13846 13846
31 232 2481 2481
31 232 13847 13847
31 232 2480 2480
31 232 2479 2479
31 232 13848 13848
31 232 2478 2478
31 232 13849 13849
31 232 13850 13850
31 232 13851 13851
31 232 13852 13852
31 232 2477 2477
31 232 2476 2476
31 232 2475 2475
31 232 2474 2474
31 232 13853 13853
31 232 2473 2473
31 232 13854 13854
31 232 13855 13855
31 232 13856 13856
31 232 13857 13857
31 232 13858 13858
31 232 2472 2472
31 232 2471 2471
31 232 13859 13859
31 232 2470 2470
31 232 13860 13860
31 232 2469 2469
31 232 2468 2468
31 232 2467 2467
31 232 2466 2466
31 232 2465 2465
31 232 2464 2464
31 232 13861 13861
31 232 2463 2463
31 232 13862 13862
31 232 2462 2462
31 232 2461 2461
31 232 2460 2460
31 232 13863 13863
31 232 2459 2459
31 232 2458 2458
31 232 13864 13864
31 232 13865 13865
31 232 13866 13866
31 232 2457 2457
31 232 2456 2456
31 232 13867 13867
31 232 2455 2455
31 232 2454 2454
31 232 2453 2453
31 232 2452 2452
31 232 2451 2451
31 232 13868 13868
31 232 13869 13869
31 232 13870 13870
31 232 2450 2450
31 232 13871 13871
31 232 13872 13872
31 232 13873 13873
31 232 2449 2449
31 232 2448 2448
31 232 2447 2447
31 232 13874 13874
31 232 2446 2446
31 232 2445 2445
31 232 13875 13875
31 232 13876 13876
31 232 13877 13877
31 232 13878 13878
31 232 2444 2444
31 232 13879 13879
31 232 13880 13880
31 232 2443 2443
31 232 13881 13881
31 232 13882 13882
31 232 13883 13883
31 232 2442 2442
31 232 13884 13884
31 232 13885 13885
31 232 13886 13886
31 232 13887 13887
31 232 2441 2441
31 232 13888 13888
31 232 2440 2440
31 232 2439 2439
31 232 2438 2438
31 232 13889 13889
31 232 13890 13890
31 232 2437 2437
31 232 13891 13891
31 232 13892 13892
31 232 2436 2436
31 232 2435 2435
31 232 2434 2434
31 232 13893 13893
31 232 13894 13894
31 232 2433 2433
31 232 2432 2432
31 232 2431 2431
31 232 13895 13895
31 232 2430 2430
31 232 2429 2429
31 232 13896 13896
31 232 2428 2428
31 232 2427 2427
31 232 13897 13897
31 232 2426 2426
31 232 2425 2425
31 232 2424 2424
31 232 13898 13898
31 232 2423 2423
31 232 13899 13899
31 232 2422 2422
31 232 2421 2421
31 232 2420 2420
31 232 13900 13900
31 232 2419 2419
31 232 13901 13901
31 232 13902 13902
31 232 13903 13903
31 232 2418 2418
31 232 2417 2417
31 232 13904 13904
31 232 13905 13905
31 232 13906 13906
31 232 2416 2416
31 232 2415 2415
31 232 2414 2414
31 232 13907 13907
31 232 2413 2413
31 232 13908 13908
31 232 2412 2412
31 232 13909 13909
31 232 13910 13910
31 232 2411 2411
31 232 2410 2410
31 232 2409 2409
31 232 13911 13911
31 232 13912 13912
31 232 13913 13913
31 232 13914 13914
31 232 2408 2408
31 232 13915 13915
31 232 13916 13916
31 232 13917 13917
31 232 13918 13918
31 232 13919 13919
31 232 13920 13920
31 232 2407 2407
31 232 13921 13921
31 232 2406 2406
31 232 13922 13922
31 232 13923 13923
31 232 2405 2405
31 232 13924 13924
31 232 13925 13925
31 232 13926 13926
31 232 13927 13927
31 232 13928 13928
31 232 13929 13929
31 232 2404 2404
31 232 2403 2403
233 233 2403 13929
31 233 2402 2402
31 233 2401 2401
31 233 2400 2400
31 233 2399 2399
31 233 13930 13930
31 233 2398 2398
31 233 13931 13931
31 233 13932 13932
31 233 2397 2397
31 233 13933 13933
31 233 2396 2396
31 233 13934 13934
31 233 13935 13935
31 233 2395 2395
31 233 13936 13936
31 233 2394 2394
31 233 2393 2393
31 233 2392 2392
31 233 13937 13937
31 233 2391 2391
31 233 13938 13938
31 233 13939 13939
31 233 13940 13940
31 233 13941 13941
31 233 2390 2390
31 233 2389 2389
31 233 13942 13942
31 233 13943 13943
31 233 2388 2388
31 233 13944 13944
31 233 2387 2387
31 233 2386 2386
31 233 2385 2385
31 233 13945 13945
31 233 13946 13946
31 233 13947 13947
31 233 2384 2384
31 233 2383 2383
31 233 13948 13948
31 233 2382 2382
31 233 13949 13949
31 233 2381 2381
31 233 2380 2380
31 233 13950 13950
31 233 2379 2379
31 233 2378 2378
31 233 13951 13951
31 233 2377 2377
31 233 13952 13952
31 233 2376 2376
234 234 2376 13952
31 234 13953 13953
31 234 13954 13954
31 234 2375 2375
31 234 13955 13955
31 234 2374 2374
31 234 13956 13956
31 234 13957 13957
31 234 2373 2373
31 234 13958 13958
31 234 2372 2372
31 234 13959 13959
31 234 2371 2371
31 234 2370 2370
31 234 2369 2369
31 234 13960 13960
31 234 2368 2368
31 234 13961 13961
31 234 13962 13962
31 234 13963 13963
31 234 13964 13964
31 234 2367 2367
31 234 2366 2366
31 234 2365 2365
31 234 13965 13965
31 234 13966 13966
31 234 13967 13967
31 234 2364 2364
31 234 13968 13968
31 234 13969 13969
31 234 13970 13970
31 234 2363 2363
31 234 2362 2362
31 234 2361 2361
31 234 2360 2360
31 234 13971 13971
31 234 2359 2359
31 234 13972 13972
31 234 2358 2358
31 234 13973 13973
31 234 2357 2357
31 234 13974 13974
31 234 2356 2356
31 234 13975 13975
31 234 2355 2355
31 234 2354 2354
31 234 13976 13976
31 234 2353 2353
31 234 13977 13977
31 234 2352 2352
31 234 2351 2351
31 234 2350 2350
31 234 2349 2349
31 234 2348 2348
31 234 2347 2347
31 234 13978 13978
31 234 2346 2346
31 234 2345 2345
31 234 13979 13979
31 234 2344 2344
31 234 2343 2343
31 234 2342 2342
30 30 2342 13979
30 234 2341 2341
29 29 2341 13979
29 234 2340 2340
29 234 2339 2339
29 234 2338 2338
29 234 13980 13980
29 234 2337 2337
29 234 13981 13981
29 234 2336 2336
29 234 13982 13982
29 234 13983 13983
29 234 2335 2335
29 234 13984 13984
29 234 2334 2334
29 234 13985 13985
29 234 2333 2333
29 234 2332 2332
29 234 2331 2331
29 234 2330 2330
29 234 2329 2329
29 234 13986 13986
29 234 2328 2328
29 234 2327 2327
29 234 13987 13987
29 234 13988 13988
29 234 13989 13989
29 234 2326 2326
29 234 13990 13990
29 234 2325 2325
29 234 13991 13991
29 234 13992 13992
29 234 13993 13993
29 234 13994 13994
29 234 13995 13995
29 234 13996 13996
29 234 13997 13997
29 234 13998 13998
29 234 13999 13999
29 234 14000 14000
235 235 2325 14000
29 235 14001 14001
29 235 2324 2324
29 235 2323 2323
29 235 14002 14002
29 235 2322 2322
29 235 2321 2321
29 235 14003 14003
29 235 2320 2320
29 235 2319 2319
29 235 2318 2318
29 235 2317 2317
29 235 2316 2316
29 235 2315 2315
29 235 14004 14004
29 235 14005 14005
29 235 14006 14006
29 235 2314 2314
29 235 2313 2313
29 235 14007 14007
29 235 14008 14008
29 235 14009 14009
29 235 14010 14010
29 235 14011 14011
29 235 14012 14012
29 235 2312 2312
29 235 14013 14013
29 235 14014 14014
29 235 14015 14015
29 235 2311 2311
29 235 2310 2310
29 235 2309 2309
29 235 14016 14016
29 235 2308 2308
29 235 2307 2307
29 235 14017 14017
29 235 14018 14018
29 235 14019 14019
29 235 14020 14020
29 235 14021 14021
29 235 2306 2306
29 235 2305 2305
29 235 14022 14022
29 235 2304 2304
29 235 2303 2303
28 28 2303 14022
28 235 2302 2302
28 235 2301 2301
28 235 14023 14023
28 235 2300 2300
28 235 14024 14024
28 235 14025 14025
28 235 14026 14026
28 235 14027 14027
28 235 14028 14028
28 235 14029 14029
28 235 14030 14030
28 235 2299 2299
28 235 14031 14031
28 235 14032 14032
28 235 2298 2298
28 235 2297 2297
28 235 2296 2296
28 235 14033 14033
28 235 14034 14034
28 235 2295 2295
28 235 2294 2294
28 235 2293 2293
28 235 2292 2292
28 235 14035 14035
28 235 2291 2291
28 235 14036 14036
28 235 14037 14037
28 235 14038 14038
28 235 2290 2290
28 235 2289 2289
28 235 14039 14039
28 235 2288 2288
28 235 14040 14040
28 235 2287 2287
28 235 2286 2286
28 235 14041 14041
28 235 14042 14042
28 235 14043 14043
28 235 14044 14044
28 235 2285 2285
28 235 2284 2284
28 235 2283 2283
28 235 14045 14045
28 235 14046 14046
28 235 2282 2282
28 235 2281 2281
28 235 14047 14047
28 235 14048 14048
28 235 2280 2280
28 235 2279 2279
28 235 2278 2278
28 235 2277 2277
28 235 14049 14049
28 235 14050 14050
28 235 14051 14051
28 235 14052 14052
28 235 14053 14053
28 235 2276 2276
28 235 2275 2275
28 235 2274 2274
28 235 2273 2273
28 235 2272 2272
28 235 2271 2271
27 27 2271 14053
27 235 14054 14054
27 235 14055 14055
27 235 14056 14056
27 235 14057 14057
27 235 14058 14058
27 235 2270 2270
27 235 14059 14059
27 235 2269 2269
27 235 14060 14060
27 235 2268 2268
27 235 2267 2267
27 235 2266 2266
27 235 2265 2265
27 235 14061 14061
27 235 2264 2264
27 235 14062 14062
27 235 2263 2263
27 235 14063 14063
27 235 14064 14064
27 235 14065 14065
27 235 2262 2262
27 235 2261 2261
27 235 2260 2260
27 235 14066 14066
27 235 14067 14067
27 235 14068 14068
27 235 2259 2259
27 235 2258 2258
27 235 2257 2257
27 235 2256 2256
27 235 2255 2255
27 235 14069 14069
27 235 2254 2254
27 235 2253 2253
27 235 14070 14070
27 235 14071 14071
27 235 14072 14072
27 235 14073 14073
27 235 14074 14074
27 235 14075 14075
27 235 14076 14076
27 235 14077 14077
27 235 2252 2252
27 235 2251 2251
27 235 14078 14078
27 235 14079 14079
27 235 2250 2250
27 235 14080 14080
27 235 14081 14081
27 235 2249 2249
27 235 2248 2248
27 235 2247 2247
27 235 2246 2246
27 235 2245 2245
27 235 14082 14082
27 235 14083 14083
27 235 2244 2244
27 235 14084 14084
27 235 2243 2243
27 235 14085 14085
27 235 14086 14086
27 235 2242 2242
27 235 14087 14087
27 235 14088 14088
27 235 2241 2241
27 235 14089 14089
27 235 2240 2240
27 235 14090 14090
27 235 14091 14091
27 235 2239 2239
27 235 14092 14092
27 235 14093 14093
27 235 14094 14094
27 235 2238 2238
27 235 2237 2237
26 26 2237 14094
26 235 14095 14095
26 235 2236 2236
26 235 2235 2235
26 235 14096 14096
26 235 2234 2234
26 235 2233 2233
26 235 14097 14097
26 235 2232 2232
26 235 2231 2231
26 235 2230 2230
26 235 2229 2229
26 235 14098 14098
26 235 2228 2228
26 235 2227 2227
26 235 14099 14099
26 235 14100 14100
26 235 14101 14101
26 235 14102 14102
26 235 2226 2226
26 235 2225 2225
26 235 2224 2224
26 235 14103 14103
26 235 14104 14104
26 235 2223 2223
26 235 2222 2222
26 235 2221 2221
26 235 2220 2220
26 235 2219 2219
26 235 14105 14105
26 235 14106 14106
26 235 2218 2218
26 235 14107 14107
26 235 2217 2217
26 235 14108 14108
26 235 2216 2216
26 235 2215 2215
26 235 14109 14109
26 235 2214 2214
26 235 2213 2213
26 235 14110 14110
26 235 14111 14111
26 235 2212 2212
26 235 14112 14112
26 235 14113 14113
26 235 2211 2211
26 235 14114 14114
26 235 2210 2210
25 25 2210 14114
25 235 2209 2209
25 235 14115 14115
25 235 14116 14116
25 235 2208 2208
25 235 14117 14117
25 235 14118 14118
25 235 2207 2207
25 235 14119 14119
25 235 14120 14120
25 235 2206 2206
25 235 14121 14121
25 235 2205 2205
25 235 2204 2204
25 235 14122 14122
25 235 2203 2203
25 235 14123 14123
25 235 14124 14124
25 235 14125 14125
25 235 14126 14126
25 235 14127 14127
25 235 14128 14128
25 235 2202 2202
25 235 14129 14129
25 235 2201 2201
25 235 14130 14130
25 235 14131 14131
25 235 14132 14132
25 235 14133 14133
25 235 2200 2200
25 235 14134 14134
25 235 2199 2199
25 235 2198 2198
25 235 14135 14135
25 235 2197 2197
25 235 2196 2196
25 235 14136 14136
25 235 14137 14137
25 235 14138 14138
25 235 14139 14139
25 235 14140 14140
25 235 14141 14141
25 235 14142 14142
25 235 2195 2195
25 235 14143 14143
25 235 2194 2194
25 235 14144 14144
25 235 2193 2193
25 235 14145 14145
236 236 2193 14145
25 236 2192 2192
25 236 2191 2191
25 236 2190 2190
25 236 2189 2189
25 236 14146 14146
25 236 2188 2188
25 236 14147 14147
25 236 2187 2187
25 236 2186 2186
25 236 2185 2185
25 236 14148 14148
25 236 2184 2184
25 236 14149 14149
25 236 14150 14150
25 236 2183 2183
25 236 2182 2182
25 236 14151 14151
25 236 14152 14152
25 236 2181 2181
25 236 14153 14153
25 236 2180 2180
25 236 2179 2179
25 236 14154 14154
25 236 2178 2178
25 236 2177 2177
25 236 2176 2176
25 236 2175 2175
25 236 14155 14155
25 236 14156 14156
25 236 14157 14157
25 236 14158 14158
25 236 14159 14159
25 236 2174 2174
25 236 14160 14160
25 236 2173 2173
25 236 2172 2172
25 236 2171 2171
25 236 14161 14161
25 236 14162 14162
25 236 14163 14163
25 236 14164 14164
25 236 2170 2170
25 236 2169 2169
25 236 2168 2168
25 236 14165 14165
25 236 2167 2167
25 236 2166 2166
25 236 2165 2165
25 236 2164 2164
25 236 14166 14166
25 236 14167 14167
25 236 14168 14168
25 236 14169 14169
25 236 2163 2163
25 236 2162 2162
25 236 14170 14170
25 236 14171 14171
25 236 14172 14172
25 236 2161 2161
25 236 2160 2160
25 236 2159 2159
25 236 14173 14173
25 236 14174 14174
25 236 14175 14175
25 236 2158 2158
25 236 2157 2157
25 236 2156 2156
25 236 14176 14176
25 236 14177 14177
25 236 2155 2155
25 236 2154 2154
25 236 14178 14178
25 236 14179 14179
24 24 2154 14179
23 23 2154 14179
23 236 14180 14180
23 236 2153 2153
23 236 2152 2152
23 236 14181 14181
22 22 2152 14181
22 236 2151 2151
22 236 2150 2150
22 236 14182 14182
22 236 14183 14183
22 236 14184 14184
22 236 14185 14185
22 236 14186 14186
22 236 14187 14187
22 236 2149 2149
22 236 14188 14188
22 236 14189 14189
22 236 14190 14190
22 236 2148 2148
22 236 14191 14191
22 236 14192 14192
22 236 14193 14193
22 236 14194 14194
22 236 14195 14195
22 236 14196 14196
22 236 2147 2147
22 236 14197 14197
22 236 14198 14198
22 236 14199 14199
22 236 14200 14200
22 236 14201 14201
22 236 2146 2146
22 236 14202 14202
22 236 2145 2145
22 236 2144 2144
22 236 2143 2143
22 236 2142 2142
22 236 14203 14203
22 236 2141 2141
22 236 2140 2140
22 236 2139 2139
22 236 14204 14204
22 236 14205 14205
22 236 2138 2138
22 236 14206 14206
22 236 14207 14207
22 236 14208 14208
22 236 14209 14209
22 236 14210 14210
22 236 2137 2137
21 21 2137 14210
21 236 2136 2136
21 236 14211 14211
20 20 2136 14211
20 236 14212 14212
20 236 2135 2135
20 236 2134 2134
20 236 2133 2133
20 236 14213 14213
20 236 14214 14214
20 236 2132 2132
20 236 14215 14215
20 236 14216 14216
20 236 2131 2131
20 236 2130 2130
20 236 2129 2129
20 236 2128 2128
20 236 14217 14217
20 236 14218 14218
20 236 2127 2127
20 236 2126 2126
20 236 2125 2125
20 236 14219 14219
20 236 2124 2124
20 236 14220 14220
20 236 2123 2123
20 236 14221 14221
20 236 2122 2122
20 236 2121 2121
20 236 2120 2120
19 19 2120 14221
19 236 14222 14222
19 236 14223 14223
19 236 14224 14224
19 236 14225 14225
19 236 14226 14226
19 236 14227 14227
19 236 2119 2119
19 236 14228 14228
19 236 14229 14229
19 236 14230 14230
19 236 14231 14231
19 236 14232 14232
19 236 2118 2118
19 236 2117 2117
19 236 14233 14233
19 236 14234 14234
19 236 2116 2116
19 236 2115 2115
19 236 14235 14235
19 236 2114 2114
19 236 14236 14236
19 236 2113 2113
19 236 2112 2112
19 236 14237 14237
19 236 2111 2111
19 236 14238 14238
19 236 14239 14239
19 236 2110 2110
19 236 14240 14240
19 236 14241 14241
19 236 14242 14242
19 236 2109 2109
19 236 2108 2108
19 236 2107 2107
19 236 14243 14243
19 236 2106 2106
19 236 14244 14244
19 236 2105 2105
19 236 14245 14245
19 236 2104 2104
19 236 2103 2103
19 236 2102 2102
19 236 14246 14246
19 236 2101 2101
19 236 14247 14247
19 236 14248 14248
19 236 14249 14249
19 236 2100 2100
19 236 2099 2099
19 236 2098 2098
19 236 14250 14250
19 236 2097 2097
19 236 14251 14251
19 236 14252 14252
19 236 14253 14253
19 236 14254 14254
19 236 14255 14255
19 236 14256 14256
19 236 14257 14257
19 236 14258 14258
19 236 2096 2096
19 236 14259 14259
19 236 14260 14260
19 236 14261 14261
19 236 14262 14262
19 236 2095 2095
19 236 14263 14263
19 236 2094 2094
19 236 14264 14264
19 236 2093 2093
19 236 2092 2092
19 236 14265 14265
19 236 14266 14266
19 236 14267 14267
19 236 14268 14268
19 236 2091 2091
19 236 2090 2090
19 236 2089 2089
19 236 14269 14269
19 236 14270 14270
19 236 2088 2088
19 236 14271 14271
19 236 14272 14272
19 236 14273 14273
19 236 14274 14274
19 236 2087 2087
19 236 2086 2086
19 236 2085 2085
19 236 2084 2084
19 236 2083 2083
19 236 14275 14275
19 236 2082 2082
19 236 14276 14276
19 236 14277 14277
19 236 14278 14278
19 236 2081 2081
19 236 14279 14279
19 236 14280 14280
19 236 14281 14281
19 236 2080 2080
19 236 2079 2079
19 236 14282 14282
19 236 2078 2078
19 236 14283 14283
19 236 14284 14284
19 236 14285 14285
19 236 2077 2077
19 236 14286 14286
19 236 14287 14287
19 236 2076 2076
19 236 2075 2075
19 236 2074 2074
19 236 2073 2073
19 236 14288 14288
19 236 2072 2072
19 236 2071 2071
19 236 2070 2070
19 236 2069 2069
19 236 2068 2068
19 236 14289 14289
19 236 2067 2067
19 236 14290 14290
19 236 2066 2066
19 236 2065 2065
19 236 14291 14291
19 236 14292 14292
19 236 2064 2064
19 236 14293 14293
19 236 2063 2063
19 236 2062 2062
19 236 14294 14294
19 236 14295 14295
19 236 14296 14296
19 236 14297 14297
19 236 14298 14298
19 236 14299 14299
19 236 2061 2061
19 236 14300 14300
19 236 14301 14301
19 236 14302 14302
19 236 2060 2060
19 236 2059 2059
19 236 2058 2058
19 236 14303 14303
19 236 2057 2057
19 236 2056 2056
19 236 2055 2055
19 236 14304 14304
19 236 14305 14305
19 236 2054 2054
19 236 2053 2053
19 236 14306 14306
19 236 2052 2052
19 236 2051 2051
19 236 2050 2050
19 236 2049 2049
19 236 14307 14307
19 236 14308 14308
19 236 2048 2048
19 236 14309 14309
19 236 14310 14310
19 236 14311 14311
19 236 14312 14312
19 236 2047 2047
19 236 2046 2046
19 236 2045 2045
19 236 2044 2044
19 236 2043 2043
19 236 2042 2042
19 236 2041 2041
19 236 2040 2040
19 236 2039 2039
19 236 14313 14313
19 236 14314 14314
19 236 2038 2038
19 236 14315 14315
19 236 2037 2037
19 236 2036 2036
19 236 14316 14316
19 236 14317 14317
19 236 2035 2035
19 236 2034 2034
19 236 14318 14318
19 236 2033 2033
19 236 2032 2032
237 237 2032 14318
19 237 2031 2031
19 237 14319 14319
19 237 14320 14320
19 237 14321 14321
19 237 14322 14322
19 237 2030 2030
19 237 14323 14323
19 237 2029 2029
19 237 2028 2028
19 237 2027 2027
19 237 2026 2026
19 237 2025 2025
19 237 2024 2024
19 237 2023 2023
19 237 2022 2022
19 237 2021 2021
19 237 14324 14324
19 237 2020 2020
19 237 14325 14325
19 237 14326 14326
19 237 2019 2019
19 237 14327 14327
19 237 14328 14328
19 237 14329 14329
19 237 14330 14330
19 237 2018 2018
19 237 2017 2017
19 237 2016 2016
19 237 14331 14331
19 237 2015 2015
19 237 2014 2014
19 237 2013 2013
19 237 2012 2012
19 237 14332 14332
19 237 2011 2011
19 237 14333 14333
19 237 14334 14334
238 238 2011 14334
19 238 2010 2010
19 238 14335 14335
19 238 2009 2009
19 238 14336 14336
19 238 14337 14337
19 238 2008 2008
19 238 2007 2007
19 238 2006 2006
19 238 2005 2005
19 238 2004 2004
19 238 14338 14338
19 238 2003 2003
19 238 14339 14339
19 238 14340 14340
19 238 2002 2002
19 238 2001 2001
19 238 2000 2000
19 238 1999 1999
19 238 1998 1998
19 238 14341 14341
19 238 14342 14342
19 238 1997 1997
19 238 1996 1996
19 238 1995 1995
19 238 14343 14343
19 238 14344 14344
19 238 1994 1994
19 238 1993 1993
19 238 14345 14345
19 238 1992 1992
19 238 14346 14346
18 18 1992 14346
18 238 1991 1991
18 238 14347 14347
18 238 14348 14348
18 238 14349 14349
17 17 1991 14349
17 238 1990 1990
17 238 1989 1989
17 238 14350 14350
17 238 14351 14351
17 238 14352 14352
17 238 1988 1988
17 238 1987 1987
17 238 1986 1986
17 238 1985 1985
17 238 1984 1984
17 238 1983 1983
17 238 1982 1982
17 238 14353 14353
17 238 14354 14354
17 238 14355 14355
17 238 14356 14356
17 238 1981 1981
17 238 14357 14357
17 238 14358 14358
17 238 14359 14359
17 238 14360 14360
17 238 1980 1980
17 238 14361 14361
17 238 14362 14362
17 238 1979 1979
17 238 1978 1978
17 238 14363 14363
17 238 14364 14364
17 238 14365 14365
17 238 1977 1977
17 238 14366 14366
17 238 14367 14367
17 238 14368 14368
17 238 14369 14369
17 238 14370 14370
17 238 14371 14371
17 238 1976 1976
17 238 1975 1975
17 238 14372 14372
17 238 1974 1974
17 238 1973 1973
17 238 14373 14373
17 238 14374 14374
17 238 1972 1972
17 238 1971 1971
17 238 1970 1970
17 238 14375 14375
17 238 14376 14376
17 238 1969 1969
17 238 14377 14377
17 238 1968 1968
17 238 1967 1967
17 238 14378 14378
17 238 14379 14379
17 238 14380 14380
17 238 1966 1966
17 238 14381 14381
17 238 1965 1965
17 238 1964 1964
17 238 14382 14382
17 238 1963 1963
17 238 1962 1962
17 238 14383 14383
17 238 1961 1961
17 238 14384 14384
17 238 14385 14385
17 238 14386 14386
16 16 1961 14386
16 238 1960 1960
16 238 1959 1959
16 238 1958 1958
16 238 14387 14387
16 238 1957 1957
16 238 1956 1956
16 238 1955 1955
16 238 14388 14388
16 238 14389 14389
16 238 14390 14390
16 238 14391 14391
16 238 1954 1954
16 238 1953 1953
16 238 14392 14392
16 238 14393 14393
16 238 14394 14394
16 238 14395 14395
16 238 14396 14396
16 238 14397 14397
16 238 14398 14398
16 238 1952 1952
16 238 1951 1951
16 238 14399 14399
16 238 1950 1950
16 238 1949 1949
15 15 1949 14399
15 238 14400 14400
15 238 14401 14401
15 238 14402 14402
15 238 1948 1948
15 238 1947 1947
15 238 14403 14403
15 238 14404 14404
15 238 14405 14405
15 238 14406 14406
14 14 1947 14406
14 238 14407 14407
14 238 14408 14408
14 238 1946 1946
14 238 14409 14409
14 238 14410 14410
14 238 14411 14411
239 239 1946 14411
14 239 1945 1945
240 240 1945 14411
14 240 14412 14412
14 240 14413 14413
14 240 1944 1944
14 240 1943 1943
14 240 14414 14414
14 240 14415 14415
14 240 1942 1942
14 240 14416 14416
14 240 1941 1941
14 240 14417 14417
14 240 14418 14418
14 240 1940 1940
14 240 1939 1939
14 240 14419 14419
14 240 14420 14420
14 240 1938 1938
14 240 1937 1937
14 240 1936 1936
14 240 1935 1935
14 240 14421 14421
241 241 1935 14421
14 241 1934 1934
14 241 14422 14422
14 241 1933 1933
14 241 1932 1932
14 241 14423 14423
14 241 1931 1931
14 241 14424 14424
14 241 14425 14425
14 241 14426 14426
14 241 1930 1930
14 241 1929 1929
14 241 1928 1928
14 241 14427 14427
14 241 14428 14428
14 241 14429 14429
14 241 14430 14430
14 241 1927 1927
14 241 1926 1926
14 241 1925 1925
14 241 1924 1924
14 241 1923 1923
14 241 14431 14431
14 241 14432 14432
14 241 14433 14433
14 241 14434 14434
14 241 1922 1922
14 241 1921 1921
14 241 1920 1920
242 242 1920 14434
14 242 14435 14435
14 242 14436 14436
14 242 14437 14437
14 242 1919 1919
14 242 1918 1918
14 242 14438 14438
14 242 14439 14439
14 242 14440 14440
14 242 14441 14441
14 242 14442 14442
14 242 1917 1917
14 242 14443 14443
14 242 14444 14444
14 242 1916 1916
14 242 14445 14445
14 242 1915 1915
14 242 1914 1914
14 242 1913 1913
14 242 1912 1912
14 242 1911 1911
14 242 14446 14446
14 242 1910 1910
14 242 14447 14447
14 242 1909 1909
14 242 14448 14448
14 242 1908 1908
14 242 14449 14449
14 242 14450 14450
14 242 1907 1907
14 242 1906 1906
14 242 1905 1905
14 242 14451 14451
14 242 14452 14452
14 242 14453 14453
14 242 14454 14454
14 242 1904 1904
14 242 14455 14455
14 242 14456 14456
14 242 14457 14457
14 242 1903 1903
14 242 1902 1902
14 242 14458 14458
14 242 1901 1901
14 242 1900 1900
14 242 1899 1899
14 242 14459 14459
14 242 14460 14460
14 242 1898 1898
14 242 14461 14461
14 242 1897 1897
14 242 14462 14462
14 242 1896 1896
14 242 1895 1895
14 242 1894 1894
14 242 14463 14463
14 242 1893 1893
14 242 1892 1892
14 242 1891 1891
14 242 14464 14464
14 242 14465 14465
14 242 14466 14466
14 242 14467 14467
14 242 14468 14468
14 242 14469 14469
14 242 14470 14470
14 242 1890 1890
14 242 1889 1889
14 242 1888 1888
14 242 14471 14471
14 242 14472 14472
14 242 1887 1887
14 242 14473 14473
14 242 1886 1886
14 242 14474 14474
14 242 1885 1885
14 242 1884 1884
14 242 1883 1883
14 242 1882 1882
14 242 14475 14475
14 242 14476 14476
14 242 14477 14477
14 242 1881 1881
14 242 14478 14478
14 242 1880 1880
14 242 14479 14479
14 242 1879 1879
14 242 1878 1878
14 242 1877 1877
14 242 14480 14480
14 242 1876 1876
14 242 1875 1875
14 242 1874 1874
14 242 1873 1873
13 13 1873 14480
13 242 14481 14481
13 242 1872 1872
13 242 14482 14482
13 242 14483 14483
13 242 14484 14484
13 242 1871 1871
13 242 14485 14485
13 242 14486 14486
13 242 1870 1870
13 242 14487 14487
13 242 1869 1869
13 242 1868 1868
13 242 1867 1867
13 242 14488 14488
13 242 1866 1866
13 242 1865 1865
13 242 1864 1864
13 242 14489 14489
13 242 14490 14490
13 242 14491 14491
13 242 14492 14492
13 242 1863 1863
13 242 14493 14493
13 242 14494 14494
13 242 1862 1862
13 242 14495 14495
13 242 14496 14496
13 242 14497 14497
13 242 1861 1861
13 242 14498 14498
13 242 1860 1860
13 242 14499 14499
13 242 14500 14500
13 242 14501 14501
13 242 1859 1859
13 242 1858 1858
13 242 14502 14502
13 242 14503 14503
13 242 1857 1857
13 242 14504 14504
13 242 14505 14505
12 12 1857 14505
12 242 1856 1856
12 242 1855 1855
12 242 1854 1854
12 242 14506 14506
12 242 1853 1853
12 242 1852 1852
12 242 1851 1851
12 242 1850 1850
12 242 14507 14507
12 242 14508 14508
12 242 14509 14509
12 242 1849 1849
12 242 1848 1848
12 242 1847 1847
12 242 14510 14510
12 242 1846 1846
12 242 1845 1845
12 242 14511 14511
12 242 14512 14512
12 242 14513 14513
12 242 1844 1844
12 242 1843 1843
12 242 1842 1842
12 242 1841 1841
12 242 14514 14514
12 242 14515 14515
12 242 14516 14516
12 242 14517 14517
12 242 14518 14518
12 242 14519 14519
12 242 1840 1840
12 242 14520 14520
12 242 14521 14521
12 242 1839 1839
12 242 14522 14522
12 242 1838 1838
12 242 14523 14523
12 242 14524 14524
12 242 14525 14525
12 242 1837 1837
12 242 1836 1836
12 242 1835 1835
12 242 14526 14526
12 242 1834 1834
12 242 1833 1833
243 243 1833 14526
12 243 14527 14527
12 243 1832 1832
12 243 1831 1831
12 243 14528 14528
12 243 1830 1830
12 243 1829 1829
12 243 1828 1828
12 243 1827 1827
12 243 1826 1826
12 243 1825 1825
12 243 1824 1824
12 243 14529 14529
12 243 14530 14530
12 243 1823 1823
12 243 1822 1822
12 243 14531 14531
12 243 14532 14532
12 243 1821 1821
12 243 14533 14533
12 243 1820 1820
12 243 1819 1819
12 243 1818 1818
12 243 1817 1817
244 244 1817 14533
12 244 14534 14534
12 244 14535 14535
12 244 14536 14536
12 244 14537 14537
12 244 14538 14538
12 244 1816 1816
12 244 14539 14539
12 244 14540 14540
11 11 1816 14540
11 244 14541 14541
11 244 14542 14542
11 244 14543 14543
11 244 1815 1815
11 244 14544 14544
11 244 1814 1814
11 244 14545 14545
11 244 1813 1813
11 244 1812 1812
11 244 1811 1811
11 244 14546 14546
11 244 1810 1810
11 244 14547 14547
11 244 1809 1809
11 244 1808 1808
11 244 1807 1807
11 244 1806 1806
11 244 1805 1805
11 244 1804 1804
11 244 14548 14548
11 244 1803 1803
11 244 1802 1802
11 244 1801 1801
11 244 14549 14549
11 244 1800 1800
11 244 1799 1799
11 244 14550 14550
11 244 14551 14551
11 244 1798 1798
11 244 1797 1797
11 244 14552 14552
11 244 14553 14553
11 244 14554 14554
11 244 14555 14555
11 244 14556 14556
11 244 1796 1796
11 244 1795 1795
11 244 1794 1794
11 244 14557 14557
11 244 1793 1793
11 244 14558 14558
11 244 1792 1792
11 244 14559 14559
11 244 1791 1791
11 244 1790 1790
11 244 14560 14560
11 244 14561 14561
11 244 14562 14562
11 244 1789 1789
11 244 14563 14563
11 244 1788 1788
11 244 14564 14564
11 244 14565 14565
11 244 1787 1787
11 244 14566 14566
11 244 14567 14567
11 244 14568 14568
11 244 14569 14569
11 244 14570 14570
11 244 14571 14571
11 244 1786 1786
11 244 14572 14572
11 244 14573 14573
11 244 14574 14574
11 244 1785 1785
11 244 14575 14575
11 244 14576 14576
11 244 1784 1784
11 244 14577 14577
11 244 14578 14578
11 244 14579 14579
11 244 14580 14580
11 244 1783 1783
11 244 1782 1782
11 244 14581 14581
11 244 14582 14582
11 244 1781 1781
11 244 14583 14583
11 244 1780 1780
11 244 1779 1779
245 245 1779 14583
11 245 1778 1778
11 245 14584 14584
11 245 14585 14585
11 245 1777 1777
11 245 1776 1776
11 245 1775 1775
11 245 1774 1774
11 245 14586 14586
11 245 14587 14587
11 245 14588 14588
11 245 14589 14589
11 245 1773 1773
11 245 1772 1772
11 245 1771 1771
11 245 14590 14590
11 245 1770 1770
11 245 14591 14591
11 245 14592 14592
11 245 14593 14593
11 245 14594 14594
11 245 14595 14595
11 245 14596 14596
11 245 1769 1769
11 245 1768 1768
11 245 1767 1767
11 245 14597 14597
11 245 1766 1766
11 245 1765 1765
11 245 14598 14598
11 245 14599 14599
11 245 1764 1764
11 245 14600 14600
11 245 1763 1763
11 245 1762 1762
11 245 1761 1761
11 245 14601 14601
11 245 14602 14602
11 245 1760 1760
11 245 14603 14603
11 245 14604 14604
11 245 14605 14605
11 245 1759 1759
11 245 1758 1758
11 245 14606 14606
11 245 14607 14607
11 245 14608 14608
11 245 1757 1757
11 245 1756 1756
11 245 14609 14609
11 245 1755 1755
11 245 14610 14610
11 245 14611 14611
11 245 1754 1754
11 245 1753 1753
11 245 1752 1752
11 245 14612 14612
11 245 14613 14613
11 245 14614 14614
11 245 14615 14615
11 245 1751 1751
11 245 14616 14616
11 245 14617 14617
11 245 14618 14618
11 245 1750 1750
11 245 14619 14619
11 245 1749 1749
11 245 1748 1748
11 245 14620 14620
11 245 14621 14621
11 245 14622 14622
11 245 14623 14623
11 245 1747 1747
11 245 14624 14624
11 245 14625 14625
11 245 14626 14626
11 245 1746 1746
11 245 1745 1745
11 245 1744 1744
11 245 1743 1743
11 245 1742 1742
11 245 14627 14627
11 245 1741 1741
11 245 14628 14628
11 245 1740 1740
11 245 1739 1739
11 245 1738 1738
11 245 1737 1737
11 245 14629 14629
246 246 1737 14629
11 246 1736 1736
11 246 1735 1735
11 246 1734 1734
11 246 1733 1733
11 246 1732 1732
11 246 14630 14630
11 246 1731 1731
11 246 1730 1730
11 246 1729 1729
11 246 14631 14631
11 246 14632 14632
11 246 14633 14633
11 246 14634 14634
11 246 1728 1728
11 246 14635 14635
11 246 14636 14636
11 246 14637 14637
11 246 14638 14638
11 246 14639 14639
11 246 1727 1727
11 246 14640 14640
11 246 1726 1726
11 246 1725 1725
11 246 1724 1724
11 246 14641 14641
11 246 1723 1723
11 246 1722 1722
11 246 14642 14642
11 246 14643 14643
11 246 1721 1721
11 246 1720 1720
11 246 1719 1719
11 246 14644 14644
11 246 1718 1718
11 246 1717 1717
11 246 14645 14645
11 246 1716 1716
11 246 14646 14646
11 246 1715 1715
11 246 14647 14647
11 246 14648 14648
11 246 14649 14649
11 246 1714 1714
247 247 1714 14649
11 247 1713 1713
11 247 1712 1712
11 247 1711 1711
11 247 1710 1710
11 247 14650 14650
11 247 14651 14651
11 247 14652 14652
11 247 1709 1709
11 247 1708 1708
11 247 14653 14653
11 247 1707 1707
11 247 1706 1706
11 247 1705 1705
11 247 1704 1704
11 247 14654 14654
11 247 14655 14655
11 247 14656 14656
11 247 14657 14657
11 247 1703 1703
11 247 14658 14658
11 247 14659 14659
11 247 14660 14660
11 247 1702 1702
11 247 14661 14661
11 247 14662 14662
11 247 14663 14663
11 247 1701 1701
11 247 1700 1700
11 247 14664 14664
11 247 14665 14665
11 247 14666 14666
11 247 14667 14667
11 247 14668 14668
11 247 1699 1699
11 247 1698 1698
11 247 14669 14669
11 247 1697 1697
11 247 1696 1696
11 247 14670 14670
11 247 1695 1695
11 247 14671 14671
11 247 14672 14672
11 247 14673 14673
10 10 1695 14673
10 247 1694 1694
10 247 1693 1693
10 247 1692 1692
10 247 14674 14674
10 247 1691 1691
10 247 1690 1690
10 247 1689 1689
10 247 14675 14675
10 247 1688 1688
10 247 1687 1687
10 247 14676 14676
10 247 14677 14677
10 247 14678 14678
10 247 1686 1686
10 247 14679 14679
10 247 1685 1685
10 247 14680 14680
10 247 1684 1684
10 247 14681 14681
10 247 1683 1683
10 247 1682 1682
10 247 1681 1681
10 247 1680 1680
10 247 1679 1679
10 247 1678 1678
10 247 1677 1677
10 247 14682 14682
10 247 14683 14683
10 247 1676 1676
10 247 1675 1675
10 247 14684 14684
10 247 14685 14685
10 247 14686 14686
10 247 1674 1674
10 247 1673 1673
10 247 14687 14687
10 247 14688 14688
10 247 1672 1672
10 247 1671 1671
10 247 1670 1670
10 247 14689 14689
10 247 14690 14690
10 247 1669 1669
10 247 1668 1668
10 247 14691 14691
10 247 1667 1667
248 248 1667 14691
10 248 1666 1666
10 248 14692 14692
10 248 1665 1665
10 248 14693 14693
10 248 14694 14694
10 248 1664 1664
10 248 1663 1663
10 248 14695 14695
10 248 14696 14696
10 248 1662 1662
10 248 14697 14697
10 248 14698 14698
10 248 1661 1661
10 248 14699 14699
10 248 14700 14700
10 248 14701 14701
10 248 14702 14702
10 248 14703 14703
10 248 14704 14704
10 248 14705 14705
10 248 14706 14706
10 248 1660 1660
10 248 14707 14707
10 248 14708 14708
10 248 1659 1659
10 248 1658 1658
10 248 14709 14709
10 248 1657 1657
10 248 1656 1656
10 248 1655 1655
10 248 14710 14710
10 248 1654 1654
249 249 1654 14710
10 249 14711 14711
10 249 1653 1653
10 249 14712 14712
10 249 14713 14713
10 249 1652 1652
10 249 1651 1651
10 249 14714 14714
10 249 1650 1650
10 249 14715 14715
10 249 14716 14716
10 249 1649 1649
10 249 1648 1648
10 249 1647 1647
10 249 14717 14717
10 249 1646 1646
10 249 1645 1645
10 249 14718 14718
10 249 1644 1644
10 249 14719 14719
10 249 1643 1643
10 249 1642 1642
10 249 1641 1641
10 249 1640 1640
10 249 14720 14720
10 249 1639 1639
10 249 1638 1638
10 249 1637 1637
10 249 1636 1636
10 249 1635 1635
10 249 14721 14721
10 249 14722 14722
10 249 1634 1634
10 249 14723 14723
10 249 14724 14724
10 249 14725 14725
10 249 14726 14726
10 249 1633 1633
10 249 1632 1632
10 249 1631 1631
10 249 14727 14727
10 249 1630 1630
10 249 1629 1629
10 249 1628 1628
10 249 1627 1627
10 249 14728 14728
10 249 1626 1626
10 249 1625 1625
10 249 14729 14729
10 249 1624 1624
10 249 1623 1623
10 249 14730 14730
10 249 1622 1622
10 249 1621 1621
10 249 1620 1620
10 249 14731 14731
10 249 14732 14732
10 249 1619 1619
9 9 1619 14732
9 249 1618 1618
9 249 1617 1617
9 249 14733 14733
9 249 14734 14734
9 249 14735 14735
9 249 14736 14736
9 249 14737 14737
9 249 1616 1616
9 249 1615 1615
9 249 14738 14738
9 249 14739 14739
9 249 1614 1614
9 249 14740 14740
9 249 1613 1613
9 249 14741 14741
9 249 14742 14742
9 249 14743 14743
9 249 1612 1612
9 249 14744 14744
9 249 14745 14745
9 249 14746 14746
9 249 14747 14747
9 249 1611 1611
9 249 1610 1610
9 249 14748 14748
9 249 1609 1609
9 249 14749 14749
9 249 14750 14750
9 249 1608 1608
9 249 1607 1607
250 250 1607 14750
9 250 14751 14751
9 250 14752 14752
9 250 14753 14753
9 250 14754 14754
9 250 1606 1606
9 250 14755 14755
9 250 1605 1605
9 250 14756 14756
9 250 1604 1604
9 250 1603 1603
9 250 1602 1602
9 250 14757 14757
9 250 14758 14758
9 250 1601 1601
9 250 1600 1600
9 250 14759 14759
9 250 1599 1599
9 250 14760 14760
9 250 1598 1598
9 250 14761 14761
9 250 14762 14762
9 250 14763 14763
9 250 14764 14764
9 250 1597 1597
9 250 14765 14765
9 250 1596 1596
9 250 14766 14766
9 250 14767 14767
9 250 1595 1595
9 250 1594 1594
9 250 1593 1593
9 250 14768 14768
9 250 14769 14769
9 250 14770 14770
8 8 1593 14770
8 250 14771 14771
8 250 1592 1592
8 250 1591 1591
8 250 1590 1590
8 250 1589 1589
8 250 14772 14772
8 250 14773 14773
8 250 1588 1588
8 250 14774 14774
8 250 14775 14775
8 250 14776 14776
8 250 14777 14777
8 250 14778 14778
8 250 14779 14779
8 250 14780 14780
8 250 14781 14781
8 250 14782 14782
8 250 1587 1587
8 250 1586 1586
8 250 1585 1585
8 250 14783 14783
8 250 14784 14784
8 250 1584 1584
8 250 14785 14785
8 250 14786 14786
8 250 1583 1583
8 250 1582 1582
8 250 1581 1581
8 250 1580 1580
8 250 14787 14787
8 250 1579 1579
8 250 1578 1578
8 250 14788 14788
8 250 14789 14789
8 250 14790 14790
8 250 14791 14791
8 250 1577 1577
8 250 1576 1576
8 250 14792 14792
8 250 1575 1575
8 250 14793 14793
8 250 14794 14794
8 250 1574 1574
8 250 14795 14795
8 250 1573 1573
8 250 1572 1572
8 250 14796 14796
8 250 1571 1571
8 250 14797 14797
8 250 14798 14798
8 250 14799 14799
8 250 1570 1570
8 250 1569 1569
8 250 1568 1568
8 250 1567 1567
8 250 14800 14800
8 250 1566 1566
8 250 14801 14801
8 250 14802 14802
8 250 14803 14803
8 250 14804 14804
8 250 14805 14805
8 250 14806 14806
8 250 14807 14807
8 250 14808 14808
8 250 14809 14809
8 250 14810 14810
8 250 14811 14811
8 250 1565 1565
8 250 14812 14812
8 250 1564 1564
8 250 1563 1563
8 250 14813 14813
8 250 1562 1562
8 250 1561 1561
8 250 14814 14814
8 250 1560 1560
8 250 1559 1559
8 250 14815 14815
8 250 14816 14816
8 250 1558 1558
8 250 1557 1557
8 250 14817 14817
8 250 1556 1556
8 250 1555 1555
8 250 14818 14818
8 250 1554 1554
8 250 14819 14819
8 250 14820 14820
8 250 1553 1553
8 250 1552 1552
8 250 14821 14821
8 250 14822 14822
8 250 1551 1551
8 250 1550 1550
8 250 1549 1549
8 250 14823 14823
8 250 14824 14824
8 250 1548 1548
8 250 14825 14825
8 250 14826 14826
8 250 14827 14827
8 250 1547 1547
8 250 1546 1546
8 250 14828 14828
8 250 1545 1545
8 250 14829 14829
8 250 1544 1544
8 250 14830 14830
8 250 14831 14831
8 250 14832 14832
8 250 14833 14833
8 250 14834 14834
8 250 1543 1543
8 250 1542 1542
8 250 1541 1541
8 250 14835 14835
8 250 1540 1540
8 250 14836 14836
8 250 14837 14837
8 250 14838 14838
8 250 1539 1539
8 250 1538 1538
8 250 1537 1537
8 250 14839 14839
8 250 14840 14840
8 250 14841 14841
8 250 14842 14842
8 250 14843 14843
8 250 1536 1536
8 250 1535 1535
8 250 14844 14844
8 250 14845 14845
8 250 14846 14846
8 250 1534 1534
8 250 1533 1533
8 250 14847 14847
8 250 14848 14848
7 7 1533 14848
7 250 1532 1532
7 250 14849 14849
7 250 1531 1531
7 250 1530 1530
7 250 14850 14850
7 250 1529 1529
7 250 14851 14851
7 250 14852 14852
7 250 1528 1528
7 250 14853 14853
7 250 1527 1527
7 250 1526 1526
7 250 1525 1525
7 250 1524 1524
7 250 1523 1523
7 250 1522 1522
251 251 1522 14853
7 251 14854 14854
7 251 14855 14855
7 251 1521 1521
252 252 1521 14855
7 252 14856 14856
7 252 14857 14857
7 252 1520 1520
7 252 14858 14858
7 252 1519 1519
7 252 14859 14859
7 252 1518 1518
7 252 1517 1517
7 252 14860 14860
7 252 14861 14861
7 252 14862 14862
7 252 1516 1516
7 252 14863 14863
7 252 14864 14864
7 252 1515 1515
7 252 14865 14865
7 252 14866 14866
7 252 1514 1514
7 252 1513 1513
7 252 1512 1512
7 252 1511 1511
7 252 14867 14867
7 252 1510 1510
7 252 14868 14868
7 252 1509 1509
7 252 1508 1508
7 252 1507 1507
7 252 14869 14869
7 252 1506 1506
7 252 14870 14870
7 252 14871 14871
7 252 1505 1505
7 252 1504 1504
7 252 1503 1503
7 252 1502 1502
7 252 14872 14872
7 252 1501 1501
7 252 14873 14873
7 252 14874 14874
7 252 1500 1500
7 252 1499 1499
7 252 1498 1498
7 252 1497 1497
7 252 1496 1496
7 252 1495 1495
7 252 1494 1494
7 252 1493 1493
7 252 14875 14875
7 252 14876 14876
7 252 14877 14877
7 252 1492 1492
7 252 14878 14878
7 252 1491 1491
7 252 1490 1490
7 252 14879 14879
7 252 1489 1489
7 252 1488 1488
7 252 1487 1487
7 252 1486 1486
7 252 1485 1485
7 252 1484 1484
7 252 14880 14880
7 252 14881 14881
7 252 1483 1483
7 252 14882 14882
7 252 1482 1482
7 252 14883 14883
7 252 1481 1481
7 252 1480 1480
7 252 14884 14884
7 252 14885 14885
7 252 14886 14886
7 252 1479 1479
7 252 14887 14887
253 253 1479 14887
7 253 14888 14888
7 253 14889 14889
7 253 14890 14890
7 253 14891 14891
7 253 1478 1478
7 253 1477 1477
7 253 1476 1476
7 253 1475 1475
7 253 14892 14892
7 253 14893 14893
7 253 1474 1474
7 253 14894 14894
7 253 14895 14895
7 253 14896 14896
7 253 1473 1473
7 253 1472 1472
7 253 14897 14897
7 253 1471 1471
7 253 14898 14898
7 253 14899 14899
7 253 14900 14900
7 253 14901 14901
7 253 1470 1470
7 253 1469 1469
7 253 1468 1468
7 253 1467 1467
7 253 14902 14902
7 253 14903 14903
7 253 1466 1466
7 253 1465 1465
7 253 1464 1464
7 253 1463 1463
7 253 14904 14904
7 253 14905 14905
7 253 14906 14906
7 253 14907 14907
7 253 14908 14908
7 253 14909 14909
6 6 1463 14909
6 253 14910 14910
6 253 1462 1462
6 253 1461 1461
6 253 14911 14911
6 253 14912 14912
6 253 14913 14913
6 253 14914 14914
6 253 14915 14915
6 253 1460 1460
6 253 14916 14916
6 253 14917 14917
6 253 14918 14918
6 253 14919 14919
6 253 1459 1459
6 253 1458 1458
6 253 1457 1457
6 253 1456 1456
6 253 14920 14920
6 253 14921 14921
6 253 1455 1455
6 253 1454 1454
6 253 14922 14922
6 253 1453 1453
6 253 1452 1452
6 253 1451 1451
6 253 1450 1450
6 253 1449 1449
6 253 1448 1448
6 253 14923 14923
6 253 14924 14924
6 253 14925 14925
6 253 1447 1447
6 253 1446 1446
6 253 14926 14926
6 253 1445 1445
6 253 14927 14927
6 253 1444 1444
6 253 14928 14928
6 253 1443 1443
6 253 14929 14929
6 253 14930 14930
6 253 1442 1442
6 253 14931 14931
6 253 14932 14932
6 253 1441 1441
6 253 14933 14933
6 253 1440 1440
6 253 1439 1439
6 253 1438 1438
6 253 14934 14934
6 253 1437 1437
6 253 1436 1436
6 253 1435 1435
6 253 1434 1434
6 253 1433 1433
6 253 1432 1432
6 253 14935 14935
6 253 1431 1431
6 253 14936 14936
6 253 14937 14937
6 253 14938 14938
6 253 1430 1430
6 253 1429 1429
6 253 14939 14939
6 253 1428 1428
6 253 14940 14940
6 253 14941 14941
6 253 1427 1427
6 253 1426 1426
6 253 14942 14942
6 253 14943 14943
6 253 14944 14944
6 253 1425 1425
6 253 14945 14945
6 253 14946 14946
6 253 14947 14947
6 253 1424 1424
6 253 14948 14948
6 253 1423 1423
6 253 14949 14949
6 253 1422 1422
6 253 1421 1421
6 253 14950 14950
6 253 1420 1420
6 253 14951 14951
6 253 1419 1419
6 253 14952 14952
6 253 1418 1418
6 253 1417 1417
6 253 1416 1416
6 253 14953 14953
6 253 14954 14954
6 253 14955 14955
6 253 1415 1415
6 253 1414 1414
6 253 14956 14956
6 253 1413 1413
6 253 1412 1412
6 253 14957 14957
6 253 1411 1411
6 253 1410 1410
6 253 14958 14958
6 253 14959 14959
6 253 14960 14960
6 253 14961 14961
6 253 14962 14962
6 253 1409 1409
6 253 1408 1408
6 253 14963 14963
6 253 1407 1407
6 253 14964 14964
6 253 14965 14965
6 253 1406 1406
6 253 14966 14966
6 253 14967 14967
6 253 14968 14968
6 253 1405 1405
6 253 1404 1404
6 253 14969 14969
6 253 14970 14970
6 253 14971 14971
6 253 14972 14972
6 253 14973 14973
6 253 1403 1403
6 253 1402 1402
6 253 14974 14974
6 253 1401 1401
6 253 1400 1400
6 253 1399 1399
6 253 14975 14975
6 253 1398 1398
6 253 14976 14976
6 253 1397 1397
6 253 14977 14977
6 253 1396 1396
6 253 1395 1395
6 253 14978 14978
6 253 14979 14979
6 253 1394 1394
6 253 14980 14980
6 253 14981 14981
6 253 14982 14982
6 253 14983 14983
6 253 1393 1393
6 253 14984 14984
6 253 14985 14985
6 253 1392 1392
6 253 1391 1391
6 253 14986 14986
6 253 1390 1390
6 253 1389 1389
6 253 1388 1388
6 253 14987 14987
6 253 14988 14988
6 253 14989 14989
6 253 1387 1387
6 253 1386 1386
6 253 14990 14990
254 254 1386 14990
6 254 14991 14991
6 254 14992 14992
6 254 1385 1385
6 254 1384 1384
6 254 1383 1383
6 254 14993 14993
6 254 1382 1382
6 254 14994 14994
6 254 14995 14995
6 254 1381 1381
6 254 14996 14996
6 254 1380 1380
5 5 1380 14996
5 254 14997 14997
5 254 14998 14998
5 254 1379 1379
5 254 14999 14999
5 254 15000 15000
5 254 1378 1378
5 254 15001 15001
5 254 15002 15002
5 254 15003 15003
5 254 15004 15004
5 254 1377 1377
5 254 15005 15005
5 254 15006 15006
5 254 1376 1376
5 254 1375 1375
5 254 15007 15007
5 254 15008 15008
5 254 15009 15009
5 254 15010 15010
5 254 15011 15011
5 254 15012 15012
5 254 1374 1374
5 254 15013 15013
5 254 1373 1373
5 254 15014 15014
5 254 15015 15015
5 254 15016 15016
5 254 15017 15017
5 254 1372 1372
5 254 15018 15018
5 254 15019 15019
5 254 1371 1371
5 254 1370 1370
5 254 1369 1369
5 254 1368 1368
5 254 1367 1367
5 254 15020 15020
5 254 1366 1366
5 254 1365 1365
5 254 15021 15021
5 254 15022 15022
5 254 1364 1364
5 254 1363 1363
5 254 15023 15023
5 254 1362 1362
5 254 15024 15024
5 254 1361 1361
5 254 1360 1360
5 254 15025 15025
5 254 1359 1359
4 4 1359 15025
4 254 15026 15026
4 254 15027 15027
4 254 15028 15028
4 254 15029 15029
4 254 15030 15030
4 254 15031 15031
4 254 15032 15032
4 254 1358 1358
4 254 1357 1357
4 254 1356 1356
4 254 15033 15033
4 254 15034 15034
4 254 15035 15035
4 254 15036 15036
4 254 1355 1355
4 254 1354 1354
3 3 1354 15036
3 254 1353 1353
3 254 1352 1352
3 254 1351 1351
3 254 15037 15037
3 254 1350 1350
3 254 1349 1349
3 254 1348 1348
3 254 1347 1347
3 254 15038 15038
3 254 1346 1346
3 254 1345 1345
3 254 15039 15039
3 254 1344 1344
3 254 15040 15040
3 254 1343 1343
3 254 1342 1342
3 254 1341 1341
3 254 1340 1340
3 254 15041 15041
3 254 15042 15042
3 254 1339 1339
3 254 15043 15043
3 254 1338 1338
3 254 15044 15044
3 254 1337 1337
3 254 15045 15045
3 254 1336 1336
3 254 15046 15046
3 254 1335 1335
3 254 1334 1334
3 254 1333 1333
3 254 15047 15047
3 254 1332 1332
3 254 15048 15048
3 254 15049 15049
3 254 1331 1331
3 254 15050 15050
3 254 1330 1330
3 254 1329 1329
3 254 1328 1328
3 254 15051 15051
3 254 15052 15052
3 254 1327 1327
3 254 15053 15053
3 254 1326 1326
3 254 15054 15054
3 254 15055 15055
3 254 15056 15056
3 254 1325 1325
3 254 1324 1324
3 254 1323 1323
2 2 1323 15056
2 254 1322 1322
2 254 15057 15057
2 254 1321 1321
2 254 15058 15058
2 254 15059 15059
2 254 1320 1320
2 254 15060 15060
2 254 1319 1319
2 254 1318 1318
2 254 1317 1317
2 254 1316 1316
2 254 15061 15061
2 254 1315 1315
2 254 1314 1314
2 254 15062 15062
2 254 15063 15063
2 254 1313 1313
2 254 1312 1312
2 254 15064 15064
2 254 1311 1311
2 254 1310 1310
2 254 15065 15065
2 254 15066 15066
2 254 1309 1309
255 255 1309 15066
2 255 1308 1308
2 255 15067 15067
2 255 15068 15068
2 255 1307 1307
2 255 1306 1306
2 255 1305 1305
2 255 15069 15069
2 255 1304 1304
2 255 15070 15070
2 255 15071 15071
2 255 15072 15072
2 255 15073 15073
2 255 15074 15074
2 255 1303 1303
2 255 1302 1302
2 255 1301 1301
2 255 15075 15075
2 255 1300 1300
2 255 15076 15076
2 255 15077 15077
2 255 15078 15078
2 255 15079 15079
2 255 15080 15080
2 255 1299 1299
2 255 15081 15081
2 255 1298 1298
2 255 15082 15082
2 255 15083 15083
2 255 1297 1297
256 256 1297 15083
2 256 1296 1296
2 256 1295 1295
2 256 1294 1294
2 256 1293 1293
2 256 1292 1292
2 256 1291 1291
2 256 1290 1290
2 256 1289 1289
2 256 15084 15084
2 256 1288 1288
2 256 15085 15085
2 256 15086 15086
2 256 15087 15087
2 256 1287 1287
2 256 1286 1286
2 256 1285 1285
2 256 15088 15088
2 256 15089 15089
1 1 1285 15089
1 256 1284 1284
1 256 15090 15090
1 256 15091 15091
1 256 15092 15092
1 256 15093 15093
1 256 1283 1283
1 256 15094 15094
1 256 15095 15095
1 256 1282 1282
1 256 15096 15096
1 256 15097 15097
1 256 1281 1281
1 256 1280 1280
1 256 1279 1279
1 256 1278 1278
1 256 15098 15098
1 256 15099 15099
1 256 1277 1277
1 256 15100 15100
1 256 15101 15101
1 256 1276 1276
1 256 1275 1275
1 256 1274 1274
1 256 15102 15102
1 256 1273 1273
1 256 1272 1272
1 256 1271 1271
1 256 15103 15103
1 256 15104 15104
1 256 15105 15105
1 256 1270 1270
1 256 1269 1269
1 256 15106 15106
1 256 15107 15107
1 256 1268 1268
1 256 1267 1267
1 256 1266 1266
1 256 1265 1265
1 256 15108 15108
1 256 1264 1264
1 256 15109 15109
1 256 1263 1263
1 256 15110 15110
1 256 15111 15111
1 256 15112 15112
1 256 15113 15113
1 256 15114 15114
1 256 15115 15115
1 256 1262 1262
1 256 15116 15116
1 256 15117 15117
1 256 15118 15118
1 256 1261 1261
1 256 1260 1260
1 256 15119 15119
1 256 15120 15120
1 256 1259 1259
1 256 15121 15121
1 256 1258 1258
1 256 15122 15122
1 256 1257 1257
1 256 15123 15123
1 256 15124 15124
1 256 15125 15125
1 256 1256 1256
1 256 15126 15126
1 256 1255 1255
1 256 15127 15127
1 256 15128 15128
1 256 1254 1254
1 256 15129 15129
1 256 1253 1253
1 256 1252 1252
1 256 1251 1251
1 256 1250 1250
1 256 15130 15130
1 256 1249 1249
1 256 15131 15131
1 256 15132 15132
1 256 1248 1248
1 256 1247 1247
1 256 1246 1246
1 256 15133 15133
1 256 1245 1245
1 256 15134 15134
1 256 1244 1244
1 256 15135 15135
1 256 15136 15136
1 256 1243 1243
1 256 15137 15137
1 256 1242 1242
1 256 15138 15138
1 256 15139 15139
1 256 1241 1241
1 256 15140 15140
1 256 1240 1240
1 256 15141 15141
1 256 1239 1239
1 256 1238 1238
1 256 1237 1237
1 256 1236 1236
1 256 1235 1235
1 256 1234 1234
1 256 15142 15142
1 256 1233 1233
1 256 1232 1232
1 256 15143 15143
1 256 15144 15144
1 256 1231 1231
1 256 15145 15145
1 256 15146 15146
1 256 15147 15147
1 256 1230 1230
1 256 15148 15148
1 256 15149 15149
1 256 15150 15150
1 256 15151 15151
1 256 1229 1229
1 256 1228 1228
1 256 1227 1227
1 256 1226 1226
1 256 1225 1225
1 256 1224 1224
1 256 15152 15152
1 256 1223 1223
1 256 15153 15153
1 256 1222 1222
1 256 15154 15154
1 256 1221 1221
1 256 15155 15155
1 256 1220 1220
1 256 1219 1219
1 256 1218 1218
1 256 15156 15156
1 256 1217 1217
1 256 15157 15157
1 256 1216 1216
1 256 15158 15158
1 256 15159 15159
1 256 1215 1215
1 256 15160 15160
1 256 15161 15161
1 256 15162 15162
1 256 15163 15163
1 256 15164 15164
1 256 15165 15165
1 256 15166 15166
1 256 15167 15167
1 256 15168 15168
1 256 1214 1214
1 256 15169 15169
1 256 1213 1213
1 256 1212 1212
1 256 15170 15170
1 256 15171 15171
1 256 15172 15172
1 256 1211 1211
1 256 1210 1210
1 256 1209 1209
1 256 15173 15173
1 256 1208 1208
1 256 15174 15174
1 256 15175 15175
1 256 1207 1207
1 256 1206 1206
1 256 15176 15176
1 256 15177 15177
1 256 15178 15178
1 256 1205 1205
1 256 1204 1204
1 256 15179 15179
1 256 1203 1203
1 256 1202 1202
1 256 15180 15180
1 256 1201 1201
1 256 1200 1200
1 256 15181 15181
1 256 1199 1199
1 256 15182 15182
1 256 15183 15183
1 256 15184 15184
1 256 1198 1198
1 256 1197 1197
1 256 15185 15185
1 256 15186 15186
1 256 15187 15187
1 256 15188 15188
1 256 15189 15189
1 256 15190 15190
1 256 15191 15191
1 256 15192 15192
1 256 1196 1196
1 256 1195 1195
1 256 1194 1194
1 256 15193 15193
1 256 15194 15194
1 256 1193 1193
1 256 1192 1192
1 256 15195 15195
1 256 1191 1191
1 256 1190 1190
1 256 15196 15196
1 256 1189 1189
1 256 15197 15197
1 256 15198 15198
1 256 1188 1188
1 256 15199 15199
1 256 15200 15200
1 256 15201 15201
1 256 15202 15202
1 256 1187 1187
1 256 1186 1186
1 256 15203 15203
1 256 15204 15204
1 256 1185 1185
1 256 15205 15205
1 256 15206 15206
1 256 15207 15207
1 256 1184 1184
1 256 15208 15208
1 256 1183 1183
1 256 15209 15209
1 256 15210 15210
1 256 15211 15211
1 256 15212 15212
1 256 15213 15213
1 256 1182 1182
1 256 1181 1181
1 256 15214 15214
1 256 1180 1180
1 256 1179 1179
1 256 15215 15215
1 256 15216 15216
1 256 1178 1178
1 256 15217 15217
1 256 1177 1177
1 256 15218 15218
1 256 1176 1176
1 256 15219 15219
1 256 1175 1175
1 256 1174 1174
1 256 15220 15220
1 256 1173 1173
1 256 1172 1172
1 256 15221 15221
1 256 15222 15222
1 256 1171 1171
1 256 15223 15223
1 256 1170 1170
1 256 15224 15224
1 256 1169 1169
1 256 1168 1168
1 256 1167 1167
1 256 1166 1166
1 256 15225 15225
1 256 1165 1165
1 256 15226 15226
1 256 1164 1164
1 256 1163 1163
1 256 15227 15227
1 256 15228 15228
1 256 1162 1162
1 256 1161 1161
1 256 15229 15229
1 256 1160 1160
1 256 15230 15230
1 256 1159 1159
1 256 15231 15231
1 256 1158 1158
1 256 1157 1157
1 256 15232 15232
1 256 1156 1156
1 256 1155 1155
1 256 1154 1154
1 256 15233 15233
1 256 15234 15234
1 256 1153 1153
1 256 15235 15235
1 256 1152 1152
1 256 1151 1151
1 256 1150 1150
1 256 15236 15236
1 256 1149 1149
1 256 15237 15237
1 256 1148 1148
1 256 15238 15238
1 256 15239 15239
1 256 15240 15240
1 256 1147 1147
1 256 1146 1146
1 256 1145 1145
1 256 15241 15241
1 256 15242 15242
1 256 1144 1144
1 256 15243 15243
1 256 15244 15244
1 256 15245 15245
1 256 15246 15246
1 256 15247 15247
1 256 15248 15248
1 256 15249 15249
1 256 15250 15250
1 256 15251 15251
1 256 1143 1143
1 256 15252 15252
1 256 15253 15253
1 256 15254 15254
1 256 15255 15255
1 256 1142 1142
1 256 1141 1141
1 256 1140 1140
1 256 1139 1139
1 256 15256 15256
1 256 1138 1138
1 256 15257 15257
1 256 1137 1137
1 256 1136 1136
1 256 15258 15258
1 256 15259 15259
1 256 1135 1135
1 256 1134 1134
1 256 1133 1133
1 256 15260 15260
1 256 1132 1132
1 256 1131 1131
1 256 1130 1130
1 256 15261 15261
1 256 1129 1129
1 256 15262 15262
1 256 15263 15263
1 256 1128 1128
1 256 1127 1127
1 256 15264 15264
1 256 15265 15265
1 256 15266 15266
1 256 1126 1126
1 256 15267 15267
1 256 1125 1125
1 256 15268 15268
1 256 15269 15269
1 256 1124 1124
1 256 1123 1123
1 256 1122 1122
1 256 1121 1121
1 256 1120 1120
1 256 1119 1119
1 256 1118 1118
1 256 15270 15270
1 256 15271 15271
1 256 1117 1117
1 256 15272 15272
1 256 1116 1116
1 256 1115 1115
1 256 15273 15273
1 256 15274 15274
1 256 15275 15275
1 256 1114 1114
1 256 1113 1113
1 256 1112 1112
1 256 15276 15276
1 256 15277 15277
1 256 1111 1111
1 256 1110 1110
1 256 15278 15278
1 256 1109 1109
1 256 15279 15279
1 256 1108 1108
1 256 15280 15280
1 256 1107 1107
1 256 15281 15281
1 256 1106 1106
1 256 15282 15282
1 256 1105 1105
1 256 1104 1104
1 256 15283 15283
1 256 15284 15284
1 256 1103 1103
1 256 1102 1102
1 256 15285 15285
1 256 15286 15286
1 256 15287 15287
1 256 15288 15288
1 256 1101 1101
1 256 1100 1100
1 256 15289 15289
1 256 15290 15290
1 256 15291 15291
1 256 1099 1099
1 256 15292 15292
1 256 15293 15293
1 256 1098 1098
1 256 15294 15294
1 256 15295 15295
1 256 1097 1097
1 256 1096 1096
1 256 1095 1095
1 256 15296 15296
1 256 1094 1094
1 256 15297 15297
1 256 15298 15298
1 256 1093 1093
1 256 1092 1092
1 256 15299 15299
1 256 1091 1091
1 256 15300 15300
1 256 15301 15301
1 256 15302 15302
1 256 15303 15303
1 256 15304 15304
1 256 1090 1090
1 256 15305 15305
1 256 15306 15306
1 256 15307 15307
1 256 1089 1089
1 256 1088 1088
1 256 15308 15308
1 256 1087 1087
1 256 1086 1086
1 256 1085 1085
1 256 15309 15309
1 256 15310 15310
1 256 15311 15311
1 256 1084 1084
1 256 1083 1083
1 256 1082 1082
1 256 1081 1081
1 256 1080 1080
1 256 15312 15312
1 256 1079 1079
1 256 15313 15313
1 256 15314 15314
1 256 15315 15315
1 256 15316 15316
1 256 15317 15317
1 256 15318 15318
1 256 15319 15319
1 256 1078 1078
1 256 15320 15320
1 256 1077 1077
1 256 1076 1076
1 256 15321 15321
1 256 1075 1075
1 256 15322 15322
1 256 15323 15323
1 256 15324 15324
1 256 15325 15325
1 256 1074 1074
1 256 15326 15326
1 256 1073 1073
1 256 1072 1072
1 256 15327 15327
1 256 15328 15328
1 256 15329 15329
1 256 15330 15330
1 256 1071 1071
1 256 15331 15331
1 256 15332 15332
1 256 1070 1070
1 256 15333 15333
1 256 1069 1069
1 256 15334 15334
1 256 15335 15335
1 256 1068 1068
1 256 15336 15336
1 256 1067 1067
1 256 1066 1066
1 256 15337 15337
1 256 1065 1065
1 256 15338 15338
1 256 15339 15339
1 256 15340 15340
1 256 1064 1064
1 256 1063 1063
1 256 15341 15341
1 256 15342 15342
1 256 1062 1062
1 256 15343 15343
1 256 15344 15344
1 256 15345 15345
1 256 1061 1061
1 256 1060 1060
1 256 1059 1059
1 256 15346 15346
1 256 1058 1058
1 256 15347 15347
1 256 15348 15348
1 256 1057 1057
1 256 1056 1056
1 256 1055 1055
1 256 15349 15349
1 256 15350 15350
1 256 15351 15351
1 256 1054 1054
1 256 1053 1053
1 256 15352 15352
1 256 15353 15353
1 256 1052 1052
1 256 15354 15354
1 256 1051 1051
1 256 1050 1050
1 256 15355 15355
1 256 15356 15356
1 256 15357 15357
1 256 1049 1049
1 256 15358 15358
1 256 1048 1048
1 256 15359 15359
1 256 1047 1047
1 256 1046 1046
1 256 15360 15360
1 256 1045 1045
1 256 1044 1044
1 256 1043 1043
1 256 1042 1042
1 256 15361 15361
1 256 15362 15362
1 256 15363 15363
1 256 1041 1041
1 256 15364 15364
1 256 1040 1040
1 256 15365 15365
1 256 15366 15366
1 256 1039 1039
1 256 1038 1038
1 256 1037 1037
1 256 1036 1036
1 256 15367 15367
1 256 1035 1035
1 256 1034 1034
1 256 1033 1033
1 256 1032 1032
1 256 1031 1031
1 256 15368 15368
1 256 1030 1030
1 256 1029 1029
1 256 15369 15369
1 256 15370 15370
1 256 15371 15371
1 256 15372 15372
1 256 1028 1028
1 256 15373 15373
1 256 15374 15374
1 256 15375 15375
1 256 15376 15376
1 256 15377 15377
1 256 1027 1027
1 256 1026 1026
1 256 1025 1025
1 256 1024 1024
1 256 15378 15378
1 256 15379 15379
1 256 15380 15380
1 256 1023 1023
1 256 1022 1022
1 256 15381 15381
1 256 1021 1021
1 256 1020 1020
1 256 15382 15382
1 256 15383 15383
1 256 15384 15384
1 256 15385 15385
1 256 15386 15386
1 256 15387 15387
1 256 1019 1019
1 256 15388 15388
1 256 15389 15389
1 256 1018 1018
1 256 1017 1017
1 256 15390 15390
1 256 1016 1016
1 256 15391 15391
1 256 15392 15392
1 256 15393 15393
1 256 15394 15394
1 256 15395 15395
1 256 1015 1015
1 256 1014 1014
1 256 15396 15396
1 256 1013 1013
1 256 1012 1012
1 256 1011 1011
1 256 15397 15397
1 256 15398 15398
1 256 1010 1010
1 256 1009 1009
1 256 15399 15399
1 256 1008 1008
1 256 15400 15400
1 256 15401 15401
1 256 1007 1007
1 256 15402 15402
1 256 15403 15403
1 256 1006 1006
1 256 1005 1005
1 256 1004 1004
1 256 1003 1003
1 256 1002 1002
1 256 15404 15404
1 256 1001 1001
1 256 1000 1000
1 256 999 999
1 256 998 998
1 256 15405 15405
1 256 997 997
1 256 996 996
1 256 995 995
1 256 15406 15406
1 256 994 994
1 256 993 993
1 256 15407 15407
1 256 15408 15408
1 256 15409 15409
1 256 15410 15410
1 256 992 992
1 256 15411 15411
1 256 991 991
1 256 990 990
1 256 989 989
1 256 15412 15412
1 256 15413 15413
1 256 15414 15414
1 256 988 988
1 256 987 987
1 256 986 986
1 256 985 985
1 256 984 984
1 256 983 983
1 256 15415 15415
1 256 982 982
1 256 15416 15416
1 256 15417 15417
1 256 15418 15418
1 256 15419 15419
1 256 15420 15420
1 256 15421 15421
1 256 981 981
1 256 15422 15422
1 256 980 980
1 256 15423 15423
1 256 979 979
1 256 15424 15424
1 256 15425 15425
1 256 15426 15426
1 256 978 978
1 256 15427 15427
1 256 15428 15428
1 256 977 977
1 256 976 976
1 256 975 975
1 256 15429 15429
1 256 974 974
1 256 973 973
1 256 972 972
1 256 971 971
1 256 970 970
1 256 15430 15430
1 256 969 969
1 256 968 968
1 256 967 967
1 256 15431 15431
1 256 15432 15432
1 256 15433 15433
1 256 966 966
1 256 965 965
1 256 964 964
1 256 963 963
1 256 962 962
1 256 961 961
1 256 960 960
1 256 15434 15434
1 256 959 959
1 256 958 958
1 256 15435 15435
1 256 957 957
1 256 15436 15436
1 256 15437 15437
1 256 15438 15438
1 256 15439 15439
1 256 956 956
1 256 955 955
1 256 954 954
1 256 953 953
1 256 15440 15440
1 256 952 952
1 256 951 951
1 256 15441 15441
1 256 15442 15442
1 256 15443 15443
1 256 950 950
1 256 949 949
1 256 15444 15444
1 256 948 948
1 256 15445 15445
1 256 15446 15446
1 256 947 947
1 256 946 946
1 256 945 945
1 256 944 944
1 256 15447 15447
1 256 15448 15448
1 256 15449 15449
1 256 15450 15450
1 256 15451 15451
1 256 15452 15452
1 256 15453 15453
1 256 15454 15454
1 256 943 943
1 256 942 942
1 256 941 941
1 256 940 940
1 256 939 939
1 256 15455 15455
1 256 938 938
1 256 937 937
1 256 936 936
1 256 15456 15456
1 256 15457 15457
1 256 935 935
1 256 15458 15458
1 256 934 934
1 256 933 933
1 256 15459 15459
1 256 15460 15460
1 256 15461 15461
1 256 15462 15462
1 256 15463 15463
1 256 15464 15464
1 256 15465 15465
1 256 15466 15466
1 256 15467 15467
1 256 932 932
1 256 931 931
1 256 15468 15468
1 256 15469 15469
1 256 930 930
1 256 15470 15470
1 256 15471 15471
1 256 15472 15472
1 256 15473 15473
1 256 929 929
1 256 15474 15474
1 256 15475 15475
1 256 928 928
1 256 15476 15476
1 256 927 927
1 256 926 926
1 256 15477 15477
1 256 15478 15478
1 256 15479 15479
1 256 925 925
1 256 15480 15480
1 256 15481 15481
1 256 924 924
1 256 923 923
1 256 922 922
1 256 921 921
1 256 920 920
1 256 15482 15482
1 256 15483 15483
1 256 15484 15484
1 256 15485 15485
1 256 919 919
1 256 918 918
1 256 15486 15486
1 256 917 917
1 256 15487 15487
1 256 15488 15488
1 256 916 916
1 256 915 915
1 256 914 914
1 256 15489 15489
1 256 15490 15490
1 256 15491 15491
1 256 913 913
1 256 912 912
1 256 15492 15492
1 256 15493 15493
1 256 15494 15494
1 256 911 911
1 256 15495 15495
1 256 15496 15496
1 256 15497 15497
1 256 15498 15498
1 256 15499 15499
1 256 15500 15500
1 256 15501 15501
1 256 15502 15502
1 256 15503 15503
1 256 910 910
1 256 15504 15504
1 256 909 909
1 256 15505 15505
1 256 15506 15506
1 256 15507 15507
1 256 908 908
1 256 907 907
1 256 15508 15508
1 256 906 906
1 256 15509 15509
1 256 905 905
1 256 904 904
1 256 15510 15510
1 256 903 903
1 256 902 902
1 256 15511 15511
1 256 15512 15512
1 256 901 901
1 256 900 900
1 256 899 899
1 256 15513 15513
1 256 15514 15514
1 256 898 898
1 256 897 897
1 256 896 896
1 256 895 895
1 256 15515 15515
1 256 894 894
1 256 893 893
1 256 892 892
1 256 15516 15516
1 256 15517 15517
1 256 891 891
1 256 890 890
1 256 15518 15518
1 256 15519 15519
1 256 889 889
1 256 888 888
1 256 887 887
1 256 886 886
1 256 15520 15520
1 256 885 885
1 256 15521 15521
1 256 884 884
1 256 883 883
1 256 882 882
1 256 15522 15522
1 256 15523 15523
1 256 881 881
1 256 880 880
1 256 15524 15524
1 256 879 879
1 256 878 878
1 256 15525 15525
1 256 15526 15526
1 256 15527 15527
1 256 877 877
1 256 876 876
1 256 875 875
1 256 874 874
1 256 873 873
1 256 15528 15528
1 256 872 872
1 256 15529 15529
1 256 871 871
1 256 870 870
1 256 15530 15530
1 256 15531 15531
1 256 869 869
1 256 15532 15532
1 256 868 868
1 256 15533 15533
1 256 15534 15534
1 256 867 867
1 256 866 866
1 256 865 865
1 256 864 864
1 256 15535 15535
1 256 15536 15536
1 256 15537 15537
1 256 863 863
1 256 862 862
1 256 861 861
1 256 860 860
1 256 15538 15538
1 256 15539 15539
1 256 859 859
1 256 858 858
1 256 15540 15540
1 256 15541 15541
1 256 857 857
1 256 15542 15542
1 256 15543 15543
1 256 856 856
1 256 15544 15544
1 256 15545 15545
1 256 855 855
1 256 15546 15546
1 256 854 854
1 256 15547 15547
1 256 853 853
1 256 852 852
1 256 15548 15548
1 256 851 851
1 256 15549 15549
1 256 850 850
1 256 15550 15550
1 256 849 849
1 256 15551 15551
1 256 15552 15552
1 256 15553 15553
1 256 15554 15554
1 256 848 848
1 256 847 847
1 256 846 846
1 256 15555 15555
1 256 845 845
1 256 844 844
1 256 843 843
1 256 15556 15556
1 256 15557 15557
1 256 15558 15558
1 256 15559 15559
1 256 842 842
1 256 841 841
1 256 840 840
1 256 839 839
1 256 838 838
1 256 837 837
1 256 15560 15560
1 256 836 836
1 256 835 835
1 256 15561 15561
1 256 834 834
1 256 833 833
1 256 15562 15562
1 256 15563 15563
1 256 15564 15564
1 256 832 832
1 256 15565 15565
1 256 831 831
1 256 15566 15566
1 256 15567 15567
1 256 15568 15568
1 256 15569 15569
1 256 830 830
1 256 15570 15570
1 256 829 829
1 256 828 828
1 256 827 827
1 256 826 826
1 256 15571 15571
1 256 15572 15572
1 256 15573 15573
1 256 825 825
1 256 15574 15574
1 256 824 824
1 256 823 823
1 256 15575 15575
1 256 822 822
1 256 821 821
1 256 820 820
1 256 819 819
1 256 15576 15576
1 256 818 818
1 256 15577 15577
1 256 15578 15578
1 256 817 817
1 256 816 816
1 256 15579 15579
1 256 815 815
1 256 15580 15580
1 256 15581 15581
1 256 814 814
1 256 813 813
1 256 812 812
1 256 15582 15582
1 256 811 811
1 256 810 810
1 256 15583 15583
1 256 15584 15584
1 256 809 809
1 256 15585 15585
1 256 15586 15586
1 256 15587 15587
1 256 15588 15588
1 256 808 808
1 256 15589 15589
1 256 807 807
1 256 15590 15590
1 256 15591 15591
1 256 15592 15592
1 256 806 806
1 256 15593 15593
1 256 805 805
1 256 804 804
1 256 15594 15594
1 256 15595 15595
1 256 803 803
1 256 15596 15596
1 256 802 802
1 256 15597 15597
1 256 15598 15598
1 256 801 801
1 256 15599 15599
1 256 15600 15600
1 256 800 800
1 256 799 799
1 256 798 798
1 256 797 797
1 256 15601 15601
1 256 15602 15602
1 256 796 796
1 256 795 795
1 256 794 794
1 256 15603 15603
1 256 793 793
1 256 15604 15604
1 256 792 792
1 256 15605 15605
1 256 15606 15606
1 256 15607 15607
1 256 791 791
1 256 15608 15608
1 256 15609 15609
1 256 15610 15610
1 256 790 790
1 256 789 789
1 256 15611 15611
1 256 788 788
1 256 787 787
1 256 15612 15612
1 256 786 786
1 256 785 785
1 256 15613 15613
1 256 784 784
1 256 15614 15614
1 256 783 783
1 256 15615 15615
1 256 15616 15616
1 256 782 782
1 256 781 781
1 256 780 780
1 256 15617 15617
1 256 779 779
1 256 15618 15618
1 256 15619 15619
1 256 15620 15620
1 256 778 778
1 256 777 777
1 256 15621 15621
1 256 776 776
1 256 15622 15622
1 256 15623 15623
1 256 15624 15624
1 256 15625 15625
1 256 15626 15626
1 256 15627 15627
1 256 15628 15628
1 256 15629 15629
1 256 775 775
1 256 15630 15630
1 256 15631 15631
1 256 15632 15632
1 256 774 774
1 256 773 773
1 256 15633 15633
1 256 15634 15634
1 256 15635 15635
1 256 772 772
1 256 15636 15636
1 256 15637 15637
1 256 771 771
1 256 15638 15638
1 256 15639 15639
1 256 770 770
1 256 15640 15640
1 256 15641 15641
1 256 15642 15642
1 256 769 769
1 256 15643 15643
1 256 15644 15644
1 256 768 768
1 256 15645 15645
1 256 767 767
1 256 766 766
1 256 15646 15646
1 256 15647 15647
1 256 15648 15648
1 256 765 765
1 256 15649 15649
1 256 764 764
1 256 15650 15650
1 256 15651 15651
1 256 763 763
1 256 762 762
1 256 761 761
1 256 15652 15652
1 256 760 760
1 256 15653 15653
1 256 759 759
1 256 15654 15654
1 256 758 758
1 256 15655 15655
1 256 15656 15656
1 256 757 757
1 256 15657 15657
1 256 756 756
1 256 755 755
1 256 754 754
1 256 753 753
1 256 752 752
1 256 751 751
1 256 750 750
1 256 15658 15658
1 256 749 749
1 256 15659 15659
1 256 15660 15660
1 256 15661 15661
1 256 15662 15662
1 256 748 748
1 256 747 747
1 256 15663 15663
1 256 746 746
1 256 745 745
1 256 15664 15664
1 256 15665 15665
1 256 744 744
1 256 15666 15666
1 256 743 743
1 256 742 742
1 256 741 741
1 256 15667 15667
1 256 740 740
1 256 15668 15668
1 256 15669 15669
1 256 15670 15670
1 256 739 739
1 256 15671 15671
1 256 15672 15672
1 256 738 738
1 256 737 737
1 256 736 736
1 256 735 735
1 256 734 734
1 256 15673 15673
1 256 15674 15674
1 256 733 733
1 256 732 732
1 256 15675 15675
1 256 731 731
1 256 15676 15676
1 256 730 730
1 256 729 729
1 256 728 728
1 256 15677 15677
1 256 727 727
1 256 15678 15678
1 256 15679 15679
1 256 15680 15680
1 256 15681 15681
1 256 15682 15682
1 256 15683 15683
1 256 15684 15684
1 256 726 726
1 256 725 725
1 256 15685 15685
1 256 724 724
1 256 15686 15686
1 256 15687 15687
1 256 15688 15688
1 256 15689 15689
1 256 15690 15690
1 256 15691 15691
1 256 15692 15692
1 256 723 723
1 256 722 722
1 256 15693 15693
1 256 721 721
1 256 720 720
1 256 15694 15694
1 256 15695 15695
1 256 15696 15696
1 256 15697 15697
1 256 15698 15698
1 256 15699 15699
1 256 719 719
1 256 718 718
1 256 717 717
1 256 716 716
1 256 15700 15700
1 256 715 715
1 256 15701 15701
1 256 714 714
1 256 15702 15702
1 256 15703 15703
1 256 15704 15704
1 256 15705 15705
1 256 713 713
1 256 15706 15706
1 256 15707 15707
1 256 712 712
1 256 15708 15708
1 256 711 711
1 256 710 710
1 256 709 709
1 256 708 708
1 256 707 707
1 256 706 706
1 256 15709 15709
1 256 705 705
1 256 15710 15710
1 256 704 704
1 256 703 703
1 256 702 702
1 256 701 701
1 256 15711 15711
1 256 15712 15712
1 256 700 700
1 256 15713 15713
1 256 699 699
1 256 698 698
1 256 15714 15714
1 256 15715 15715
1 256 697 697
1 256 15716 15716
1 256 15717 15717
1 256 15718 15718
1 256 696 696
1 256 15719 15719
1 256 695 695
1 256 694 694
1 256 693 693
1 256 692 692
1 256 691 691
1 256 15720 15720
1 256 690 690
1 256 15721 15721
1 256 15722 15722
1 256 689 689
1 256 688 688
1 256 687 687
1 256 686 686
1 256 15723 15723
1 256 15724 15724
1 256 15725 15725
1 256 685 685
1 256 15726 15726
1 256 15727 15727
1 256 684 684
1 256 15728 15728
1 256 15729 15729
1 256 683 683
1 256 682 682
1 256 681 681
1 256 680 680
1 256 15730 15730
1 256 15731 15731
1 256 15732 15732
1 256 15733 15733
1 256 679 679
1 256 15734 15734
1 256 15735 15735
1 256 678 678
1 256 677 677
1 256 15736 15736
1 256 676 676
1 256 15737 15737
1 256 15738 15738
1 256 675 675
1 256 15739 15739
1 256 674 674
1 256 15740 15740
1 256 673 673
1 256 15741 15741
1 256 672 672
1 256 15742 15742
1 256 671 671
1 256 15743 15743
1 256 670 670
1 256 669 669
1 256 668 668
1 256 15744 15744
1 256 667 667
1 256 666 666
1 256 15745 15745
1 256 15746 15746
1 256 665 665
1 256 15747 15747
1 256 15748 15748
1 256 664 664
1 256 15749 15749
1 256 663 663
1 256 662 662
1 256 15750 15750
1 256 661 661
1 256 660 660
1 256 659 659
1 256 658 658
1 256 657 657
1 256 15751 15751
1 256 15752 15752
1 256 656 656
1 256 655 655
1 256 654 654
1 256 15753 15753
1 256 653 653
1 256 652 652
1 256 15754 15754
1 256 651 651
1 256 15755 15755
1 256 15756 15756
1 256 15757 15757
1 256 15758 15758
1 256 15759 15759
1 256 650 650
1 256 15760 15760
1 256 15761 15761
1 256 15762 15762
1 256 649 649
1 256 15763 15763
1 256 15764 15764
1 256 648 648
1 256 647 647
1 256 15765 15765
1 256 646 646
1 256 15766 15766
1 256 15767 15767
1 256 15768 15768
1 256 15769 15769
1 256 15770 15770
1 256 645 645
1 256 644 644
1 256 643 643
1 256 15771 15771
1 256 642 642
1 256 15772 15772
1 256 641 641
1 256 15773 15773
1 256 15774 15774
1 256 640 640
1 256 15775 15775
1 256 639 639
1 256 15776 15776
1 256 15777 15777
1 256 638 638
1 256 637 637
1 256 636 636
1 256 15778 15778
1 256 15779 15779
1 256 15780 15780
1 256 635 635
1 256 15781 15781
1 256 15782 15782
1 256 15783 15783
1 256 15784 15784
1 256 15785 15785
1 256 634 634
1 256 15786 15786
1 256 15787 15787
1 256 633 633
1 256 632 632
1 256 631 631
1 256 630 630
1 256 15788 15788
1 256 629 629
1 256 15789 15789
1 256 15790 15790
1 256 15791 15791
1 256 15792 15792
1 256 628 628
1 256 627 627
1 256 626 626
1 256 15793 15793
1 256 625 625
1 256 15794 15794
1 256 624 624
1 256 623 623
1 256 622 622
1 256 621 621
1 256 620 620
1 256 619 619
1 256 15795 15795
1 256 15796 15796
1 256 15797 15797
1 256 15798 15798
1 256 15799 15799
1 256 15800 15800
1 256 618 618
1 256 617 617
1 256 616 616
1 256 615 615
1 256 15801 15801
1 256 614 614
1 256 15802 15802
1 256 613 613
1 256 15803 15803
1 256 612 612
1 256 15804 15804
1 256 611 611
1 256 15805 15805
1 256 15806 15806
1 256 15807 15807
1 256 610 610
1 256 15808 15808
1 256 609 609
1 256 608 608
1 256 15809 15809
1 256 607 607
1 256 606 606
1 256 15810 15810
1 256 605 605
1 256 15811 15811
1 256 604 604
1 256 603 603
1 256 602 602
1 256 15812 15812
1 256 601 601
1 256 600 600
1 256 599 599
1 256 15813 15813
1 256 598 598
1 256 15814 15814
1 256 597 597
1 256 15815 15815
1 256 15816 15816
1 256 15817 15817
1 256 596 596
1 256 595 595
1 256 594 594
1 256 593 593
1 256 15818 15818
1 256 15819 15819
1 256 592 592
1 256 15820 15820
1 256 591 591
1 256 15821 15821
1 256 15822 15822
1 256 15823 15823
1 256 15824 15824
1 256 15825 15825
1 256 590 590
1 256 15826 15826
1 256 589 589
1 256 588 588
1 256 15827 15827
1 256 15828 15828
1 256 15829 15829
1 256 587 587
1 256 15830 15830
1 256 15831 15831
1 256 15832 15832
1 256 15833 15833
1 256 586 586
1 256 585 585
1 256 15834 15834
1 256 15835 15835
1 256 15836 15836
1 256 15837 15837
1 256 584 584
1 256 583 583
1 256 582 582
1 256 15838 15838
1 256 581 581
1 256 580 580
1 256 15839 15839
1 256 579 579
1 256 15840 15840
1 256 15841 15841
1 256 578 578
1 256 577 577
1 256 576 576
1 256 575 575
1 256 574 574
1 256 573 573
1 256 572 572
1 256 571 571
1 256 570 570
1 256 15842 15842
1 256 569 569
1 256 568 568
1 256 15843 15843
1 256 15844 15844
1 256 567 567
1 256 15845 15845
1 256 15846 15846
1 256 566 566
1 256 15847 15847
1 256 15848 15848
1 256 15849 15849
1 256 15850 15850
1 256 15851 15851
1 256 565 565
1 256 15852 15852
1 256 564 564
1 256 15853 15853
1 256 563 563
1 256 15854 15854
1 256 15855 15855
1 256 562 562
1 256 561 561
1 256 15856 15856
1 256 15857 15857
1 256 15858 15858
1 256 560 560
1 256 559 559
1 256 558 558
1 256 15859 15859
1 256 15860 15860
1 256 15861 15861
1 256 15862 15862
1 256 15863 15863
1 256 15864 15864
1 256 557 557
1 256 15865 15865
1 256 15866 15866
1 256 15867 15867
1 256 556 556
1 256 555 555
1 256 15868 15868
1 256 554 554
1 256 553 553
1 256 15869 15869
1 256 15870 15870
1 256 15871 15871
1 256 552 552
1 256 15872 15872
1 256 15873 15873
1 256 15874 15874
1 256 551 551
1 256 550 550
1 256 15875 15875
1 256 549 549
1 256 15876 15876
1 256 548 548
1 256 547 547
1 256 15877 15877
1 256 15878 15878
1 256 15879 15879
1 256 546 546
1 256 15880 15880
1 256 15881 15881
1 256 545 545
1 256 544 544
1 256 15882 15882
1 256 543 543
1 256 542 542
1 256 15883 15883
1 256 15884 15884
1 256 15885 15885
1 256 541 541
1 256 540 540
1 256 15886 15886
1 256 539 539
1 256 15887 15887
1 256 538 538
1 256 15888 15888
1 256 15889 15889
1 256 537 537
1 256 15890 15890
1 256 15891 15891
1 256 536 536
1 256 15892 15892
1 256 535 535
1 256 534 534
1 256 533 533
1 256 532 532
1 256 15893 15893
1 256 15894 15894
1 256 15895 15895
1 256 15896 15896
1 256 531 531
1 256 15897 15897
1 256 530 530
1 256 529 529
1 256 528 528
1 256 527 527
1 256 15898 15898
1 256 526 526
1 256 15899 15899
1 256 525 525
1 256 15900 15900
1 256 15901 15901
1 256 524 524
1 256 15902 15902
1 256 15903 15903
1 256 523 523
1 256 15904 15904
1 256 15905 15905
1 256 522 522
1 256 15906 15906
1 256 521 521
1 256 520 520
1 256 15907 15907
1 256 519 519
1 256 518 518
1 256 15908 15908
1 256 517 517
1 256 516 516
1 256 15909 15909
1 256 15910 15910
1 256 515 515
1 256 15911 15911
1 256 514 514
1 256 15912 15912
1 256 15913 15913
1 256 513 513
1 256 512 512
1 256 15914 15914
1 256 511 511
1 256 15915 15915
1 256 510 510
1 256 509 509
1 256 508 508
1 256 15916 15916
1 256 507 507
1 256 506 506
1 256 505 505
1 256 15917 15917
1 256 504 504
1 256 503 503
1 256 15918 15918
1 256 502 502
1 256 501 501
1 256 500 500
1 256 15919 15919
1 256 15920 15920
1 256 15921 15921
1 256 499 499
1 256 498 498
1 256 15922 15922
1 256 15923 15923
1 256 497 497
1 256 496 496
1 256 15924 15924
1 256 495 495
1 256 15925 15925
1 256 15926 15926
1 256 494 494
1 256 493 493
1 256 15927 15927
1 256 15928 15928
1 256 492 492
1 256 15929 15929
1 256 491 491
1 256 15930 15930
1 256 15931 15931
1 256 15932 15932
1 256 490 490
1 256 15933 15933
1 256 489 489
1 256 488 488
1 256 15934 15934
1 256 15935 15935
1 256 15936 15936
1 256 487 487
1 256 486 486
1 256 485 485
1 256 484 484
1 256 483 483
1 256 15937 15937
1 256 482 482
1 256 481 481
1 256 480 480
1 256 15938 15938
1 256 15939 15939
1 256 15940 15940
1 256 15941 15941
1 256 479 479
1 256 478 478
1 256 15942 15942
1 256 477 477
1 256 476 476
1 256 475 475
1 256 474 474
1 256 15943 15943
1 256 15944 15944
1 256 15945 15945
1 256 15946 15946
1 256 473 473
1 256 15947 15947
1 256 472 472
1 256 15948 15948
1 256 471 471
1 256 15949 15949
1 256 15950 15950
1 256 470 470
1 256 15951 15951
1 256 15952 15952
1 256 15953 15953
1 256 469 469
1 256 468 468
1 256 15954 15954
1 256 15955 15955
1 256 15956 15956
1 256 15957 15957
1 256 15958 15958
1 256 467 467
1 256 466 466
1 256 465 465
1 256 464 464
1 256 15959 15959
1 256 15960 15960
1 256 463 463
1 256 462 462
1 256 461 461
1 256 460 460
1 256 459 459
1 256 15961 15961
1 256 458 458
1 256 15962 15962
1 256 15963 15963
1 256 15964 15964
1 256 15965 15965
1 256 15966 15966
1 256 15967 15967
1 256 457 457
1 256 456 456
1 256 455 455
1 256 454 454
1 256 15968 15968
1 256 15969 15969
1 256 453 453
1 256 15970 15970
1 256 452 452
1 256 451 451
1 256 450 450
1 256 15971 15971
1 256 449 449
1 256 15972 15972
1 256 15973 15973
1 256 448 448
1 256 447 447
1 256 15974 15974
1 256 15975 15975
1 256 446 446
1 256 445 445
1 256 444 444
1 256 443 443
1 256 442 442
1 256 441 441
1 256 440 440
1 256 15976 15976
1 256 15977 15977
1 256 15978 15978
1 256 439 439
1 256 15979 15979
1 256 438 438
1 256 437 437
1 256 436 436
1 256 15980 15980
1 256 435 435
1 256 15981 15981
1 256 434 434
1 256 433 433
1 256 15982 15982
1 256 432 432
1 256 15983 15983
1 256 15984 15984
1 256 431 431
1 256 430 430
1 256 15985 15985
1 256 429 429
1 256 15986 15986
1 256 428 428
1 256 427 427
1 256 426 426
1 256 15987 15987
1 256 425 425
1 256 15988 15988
1 256 424 424
1 256 423 423
1 256 422 422
1 256 421 421
1 256 15989 15989
1 256 420 420
1 256 15990 15990
1 256 15991 15991
1 256 15992 15992
1 256 419 419
1 256 15993 15993
1 256 15994 15994
1 256 418 418
1 256 15995 15995
1 256 15996 15996
1 256 15997 15997
1 256 417 417
1 256 15998 15998
1 256 416 416
1 256 415 415
1 256 414 414
1 256 413 413
1 256 15999 15999
1 256 412 412
1 256 411 411
1 256 16000 16000
1 256 410 410
1 256 409 409
1 256 16001 16001
1 256 408 408
1 256 16002 16002
1 256 16003 16003
1 256 16004 16004
1 256 16005 16005
1 256 16006 16006
1 256 407 407
1 256 406 406
1 256 405 405
1 256 404 404
1 256 16007 16007
1 256 403 403
1 256 402 402
1 256 401 401
1 256 400 400
1 256 16008 16008
1 256 16009 16009
1 256 399 399
1 256 398 398
1 256 397 397
1 256 16010 16010
1 256 396 396
1 256 395 395
1 256 16011 16011
1 256 16012 16012
1 256 16013 16013
1 256 394 394
1 256 393 393
1 256 16014 16014
1 256 392 392
1 256 391 391
1 256 390 390
1 256 16015 16015
1 256 389 389
1 256 388 388
1 256 387 387
1 256 386 386
1 256 385 385
1 256 16016 16016
1 256 384 384
1 256 383 383
1 256 16017 16017
1 256 382 382
1 256 16018 16018
1 256 16019 16019
1 256 381 381
1 256 16020 16020
1 256 16021 16021
1 256 16022 16022
1 256 16023 16023
1 256 16024 16024
1 256 16025 16025
1 256 16026 16026
1 256 380 380
1 256 379 379
1 256 378 378
1 256 377 377
1 256 16027 16027
1 256 376 376
1 256 16028 16028
1 256 16029 16029
1 256 16030 16030
1 256 16031 16031
1 256 16032 16032
1 256 16033 16033
1 256 375 375
1 256 16034 16034
1 256 16035 16035
1 256 16036 16036
1 256 374 374
1 256 16037 16037
1 256 373 373
1 256 372 372
1 256 16038 16038
1 256 371 371
1 256 370 370
1 256 369 369
1 256 368 368
1 256 16039 16039
1 256 16040 16040
1 256 16041 16041
1 256 367 367
1 256 16042 16042
1 256 16043 16043
1 256 16044 16044
1 256 366 366
1 256 365 365
1 256 16045 16045
1 256 16046 16046
1 256 364 364
1 256 363 363
1 256 362 362
1 256 361 361
1 256 360 360
1 256 16047 16047
1 256 16048 16048
1 256 359 359
1 256 16049 16049
1 256 358 358
1 256 357 357
1 256 16050 16050
1 256 356 356
1 256 355 355
1 256 16051 16051
1 256 16052 16052
1 256 16053 16053
1 256 354 354
1 256 353 353
1 256 16054 16054
1 256 16055 16055
1 256 352 352
1 256 351 351
1 256 350 350
1 256 349 349
1 256 16056 16056
1 256 16057 16057
1 256 348 348
1 256 16058 16058
1 256 16059 16059
1 256 347 347
1 256 16060 16060
1 256 346 346
1 256 345 345
1 256 344 344
1 256 16061 16061
1 256 16062 16062
1 256 16063 16063
1 256 343 343
1 256 16064 16064
1 256 342 342
1 256 341 341
1 256 340 340
1 256 339 339
1 256 16065 16065
1 256 338 338
1 256 16066 16066
1 256 16067 16067
1 256 337 337
1 256 16068 16068
1 256 336 336
1 256 335 335
1 256 16069 16069
1 256 16070 16070
1 256 334 334
1 256 333 333
1 256 16071 16071
1 256 16072 16072
1 256 332 332
1 256 331 331
1 256 16073 16073
1 256 330 330
1 256 329 329
1 256 328 328
1 256 16074 16074
1 256 16075 16075
1 256 16076 16076
1 256 327 327
1 256 326 326
1 256 16077 16077
1 256 325 325
1 256 324 324
1 256 16078 16078
1 256 16079 16079
1 256 16080 16080
1 256 16081 16081
1 256 323 323
1 256 16082 16082
1 256 16083 16083
1 256 16084 16084
1 256 16085 16085
1 256 322 322
1 256 321 321
1 256 320 320
1 256 16086 16086
1 256 16087 16087
1 256 319 319
1 256 318 318
1 256 317 317
1 256 316 316
1 256 16088 16088
1 256 16089 16089
1 256 315 315
1 256 16090 16090
1 256 16091 16091
1 256 16092 16092
1 256 314 314
1 256 313 313
1 256 312 312
1 256 16093 16093
1 256 311 311
1 256 310 310
1 256 309 309
1 256 308 308
1 256 307 307
1 256 16094 16094
1 256 306 306
1 256 16095 16095
1 256 16096 16096
1 256 16097 16097
1 256 305 305
1 256 16098 16098
1 256 16099 16099
1 256 16100 16100
1 256 304 304
1 256 16101 16101
1 256 16102 16102
1 256 303 303
1 256 16103 16103
1 256 302 302
1 256 301 301
1 256 300 300
1 256 16104 16104
1 256 16105 16105
1 256 16106 16106
1 256 299 299
1 256 298 298
1 256 297 297
1 256 296 296
1 256 295 295
1 256 294 294
1 256 16107 16107
1 256 16108 16108
1 256 293 293
1 256 16109 16109
1 256 16110 16110
1 256 16111 16111
1 256 16112 16112
1 256 16113 16113
1 256 16114 16114
1 256 292 292
1 256 16115 16115
1 256 291 291
1 256 290 290
1 256 289 289
1 256 288 288
1 256 16116 16116
1 256 287 287
1 256 16117 16117
1 256 286 286
1 256 16118 16118
1 256 285 285
1 256 284 284
1 256 16119 16119
1 256 16120 16120
1 256 16121 16121
1 256 283 283
1 256 282 282
1 256 16122 16122
1 256 281 281
1 256 280 280
1 256 279 279
1 256 16123 16123
1 256 16124 16124
1 256 278 278
1 256 16125 16125
1 256 16126 16126
1 256 277 277
1 256 276 276
1 256 16127 16127
1 256 275 275
1 256 274 274
1 256 273 273
1 256 16128 16128
1 256 272 272
1 256 16129 16129
1 256 16130 16130
1 256 271 271
1 256 270 270
1 256 16131 16131
1 256 269 269
1 256 268 268
1 256 267 267
1 256 266 266
1 256 16132 16132
1 256 16133 16133
1 256 16134 16134
1 256 265 265
1 256 16135 16135
1 256 16136 16136
1 256 264 264
1 256 16137 16137
1 256 16138 16138
1 256 263 263
1 256 16139 16139
1 256 262 262
1 256 16140 16140
1 256 261 261
1 256 260 260
1 256 259 259
1 256 258 258
1 256 257 257
1 256 16141 16141
1 256 16142 16142
1 256 16143 16143
1 256 16144 16144
1 256 256 256
1 256 16145 16145
1 256 16146 16146
1 256 255 255
1 256 16147 16147
1 256 16148 16148
1 256 16149 16149
1 256 254 254
1 256 16150 16150
1 256 253 253
1 256 252 252
1 256 251 251
1 256 16151 16151
1 256 16152 16152
1 256 16153 16153
1 256 16154 16154
1 256 16155 16155
1 256 250 250
1 256 16156 16156
1 256 249 249
1 256 16157 16157
1 256 16158 16158
1 256 16159 16159
1 256 248 248
1 256 16160 16160
1 256 16161 16161
1 256 247 247
1 256 246 246
1 256 245 245
1 256 244 244
1 256 16162 16162
1 256 243 243
1 256 16163 16163
1 256 242 242
1 256 16164 16164
1 256 241 241
1 256 16165 16165
1 256 240 240
1 256 239 239
1 256 238 238
1 256 237 237
1 256 236 236
1 256 235 235
1 256 234 234
1 256 16166 16166
1 256 233 233
1 256 16167 16167
1 256 232 232
1 256 16168 16168
1 256 231 231
1 256 16169 16169
1 256 230 230
1 256 229 229
1 256 228 228
1 256 16170 16170
1 256 227 227
1 256 226 226
1 256 225 225
1 256 224 224
1 256 16171 16171
1 256 223 223
1 256 222 222
1 256 16172 16172
1 256 221 221
1 256 220 220
1 256 219 219
1 256 218 218
1 256 217 217
1 256 216 216
1 256 16173 16173
1 256 215 215
1 256 16174 16174
1 256 16175 16175
1 256 214 214
1 256 213 213
1 256 212 212
1 256 211 211
1 256 210 210
1 256 16176 16176
1 256 16177 16177
1 256 209 209
1 256 208 208
1 256 16178 16178
1 256 207 207
1 256 206 206
1 256 16179 16179
1 256 16180 16180
1 256 16181 16181
1 256 16182 16182
1 256 205 205
1 256 204 204
1 256 203 203
1 256 16183 16183
1 256 16184 16184
1 256 202 202
1 256 16185 16185
1 256 16186 16186
1 256 16187 16187
1 256 201 201
1 256 200 200
1 256 16188 16188
1 256 199 199
1 256 198 198
1 256 197 197
1 256 196 196
1 256 16189 16189
1 256 16190 16190
1 256 195 195
1 256 16191 16191
1 256 16192 16192
1 256 16193 16193
1 256 16194 16194
1 256 194 194
1 256 16195 16195
1 256 16196 16196
1 256 16197 16197
1 256 16198 16198
1 256 193 193
1 256 16199 16199
1 256 16200 16200
1 256 192 192
1 256 191 191
1 256 16201 16201
1 256 190 190
1 256 16202 16202
1 256 16203 16203
1 256 16204 16204
1 256 189 189
1 256 188 188
1 256 16205 16205
1 256 187 187
1 256 186 186
1 256 185 185
1 256 184 184
1 256 183 183
1 256 182 182
1 256 16206 16206
1 256 16207 16207
1 256 16208 16208
1 256 16209 16209
1 256 16210 16210
1 256 181 181
1 256 16211 16211
1 256 16212 16212
1 256 180 180
1 256 179 179
1 256 16213 16213
1 256 178 178
1 256 16214 16214
1 256 16215 16215
1 256 177 177
1 256 16216 16216
1 256 16217 16217
1 256 16218 16218
1 256 16219 16219
1 256 176 176
1 256 175 175
1 256 174 174
1 256 16220 16220
1 256 16221 16221
1 256 16222 16222
1 256 16223 16223
1 256 173 173
1 256 172 172
1 256 16224 16224
1 256 16225 16225
1 256 16226 16226
1 256 171 171
1 256 170 170
1 256 169 169
1 256 16227 16227
1 256 16228 16228
1 256 16229 16229
1 256 16230 16230
1 256 16231 16231
1 256 168 168
1 256 16232 16232
1 256 167 167
1 256 166 166
1 256 16233 16233
1 256 16234 16234
1 256 165 165
1 256 16235 16235
1 256 164 164
1 256 163 163
1 256 16236 16236
1 256 16237 16237
1 256 16238 16238
1 256 162 162
1 256 161 161
1 256 160 160
1 256 16239 16239
1 256 159 159
1 256 16240 16240
1 256 16241 16241
1 256 16242 16242
1 256 16243 16243
1 256 158 158
1 256 157 157
1 256 156 156
1 256 155 155
1 256 16244 16244
1 256 16245 16245
1 256 16246 16246
1 256 154 154
1 256 153 153
1 256 16247 16247
1 256 16248 16248
1 256 152 152
1 256 151 151
1 256 16249 16249
1 256 150 150
1 256 149 149
1 256 148 148
1 256 147 147
1 256 16250 16250
1 256 16251 16251
1 256 146 146
1 256 16252 16252
1 256 16253 16253
1 256 145 145
1 256 16254 16254
1 256 144 144
1 256 143 143
1 256 16255 16255
1 256 16256 16256
1 256 142 142
1 256 16257 16257
1 256 141 141
1 256 16258 16258
1 256 140 140
1 256 139 139
1 256 138 138
1 256 137 137
1 256 136 136
1 256 16259 16259
1 256 16260 16260
1 256 16261 16261
1 256 135 135
1 256 134 134
1 256 16262 16262
1 256 16263 16263
1 256 133 133
1 256 132 132
1 256 16264 16264
1 256 131 131
1 256 16265 16265
1 256 16266 16266
1 256 130 130
1 256 16267 16267
1 256 129 129
1 256 16268 16268
1 256 128 128
1 256 127 127
1 256 126 126
1 256 125 125
1 256 16269 16269
1 256 16270 16270
1 256 16271 16271
1 256 124 124
1 256 16272 16272
1 256 16273 16273
1 256 123 123
1 256 16274 16274
1 256 122 122
1 256 16275 16275
1 256 121 121
1 256 16276 16276
1 256 120 120
1 256 119 119
1 256 118 118
1 256 117 117
1 256 16277 16277
1 256 16278 16278
1 256 116 116
1 256 115 115
1 256 16279 16279
1 256 114 114
1 256 16280 16280
1 256 113 113
1 256 16281 16281
1 256 16282 16282
1 256 16283 16283
1 256 112 112
1 256 16284 16284
1 256 111 111
1 256 16285 16285
1 256 110 110
1 256 109 109
1 256 16286 16286
1 256 108 108
1 256 16287 16287
1 256 107 107
1 256 106 106
1 256 105 105
1 256 104 104
1 256 16288 16288
1 256 103 103
1 256 102 102
1 256 101 101
1 256 16289 16289
1 256 100 100
1 256 99 99
1 256 16290 16290
1 256 98 98
1 256 16291 16291
1 256 97 97
1 256 96 96
1 256 95 95
1 256 94 94
1 256 16292 16292
1 256 93 93
1 256 92 92
1 256 16293 16293
1 256 16294 16294
1 256 91 91
1 256 16295 16295
1 256 16296 16296
1 256 90 90
1 256 16297 16297
1 256 89 89
1 256 16298 16298
1 256 88 88
1 256 87 87
1 256 16299 16299
1 256 16300 16300
1 256 86 86
1 256 16301 16301
1 256 16302 16302
1 256 85 85
1 256 16303 16303
1 256 16304 16304
1 256 16305 16305
1 256 16306 16306
1 256 84 84
1 256 83 83
1 256 82 82
1 256 16307 16307
1 256 16308 16308
1 256 81 81
1 256 80 80
1 256 16309 16309
1 256 79 79
1 256 16310 16310
1 256 78 78
1 256 16311 16311
1 256 77 77
1 256 16312 16312
1 256 16313 16313
1 256 76 76
1 256 16314 16314
1 256 16315 16315
1 256 16316 16316
1 256 75 75
1 256 74 74
1 256 16317 16317
1 256 16318 16318
1 256 16319 16319
1 256 73 73
1 256 72 72
1 256 16320 16320
1 256 16321 16321
1 256 16322 16322
1 256 71 71
1 256 16323 16323
1 256 70 70
1 256 69 69
1 256 68 68
1 256 16324 16324
1 256 67 67
1 256 66 66
1 256 16325 16325
1 256 65 65
1 256 64 64
1 256 63 63
1 256 16326 16326
1 256 16327 16327
1 256 16328 16328
1 256 62 62
1 256 16329 16329
1 256 61 61
1 256 16330 16330
1 256 60 60
1 256 16331 16331
1 256 59 59
1 256 58 58
1 256 57 57
1 256 16332 16332
1 256 56 56
1 256 16333 16333
1 256 55 55
1 256 54 54
1 256 16334 16334
1 256 53 53
1 256 16335 16335
1 256 52 52
1 256 51 51
1 256 16336 16336
1 256 16337 16337
1 256 16338 16338
1 256 16339 16339
1 256 50 50
1 256 49 49
1 256 16340 16340
1 256 48 48
1 256 16341 16341
1 256 16342 16342
1 256 16343 16343
1 256 16344 16344
1 256 16345 16345
1 256 47 47
1 256 16346 16346
1 256 16347 16347
1 256 46 46
1 256 16348 16348
1 256 45 45
1 256 44 44
1 256 16349 16349
1 256 43 43
1 256 42 42
1 256 41 41
1 256 16350 16350
1 256 40 40
1 256 16351 16351
1 256 16352 16352
1 256 39 39
1 256 38 38
1 256 37 37
1 256 36 36
1 256 35 35
1 256 34 34
1 256 33 33
1 256 16353 16353
1 256 32 32
1 256 31 31
1 256 16354 16354
1 256 30 30
1 256 16355 16355
1 256 16356 16356
1 256 29 29
1 256 16357 16357
1 256 16358 16358
1 256 28 28
1 256 16359 16359
1 256 27 27
1 256 16360 16360
1 256 16361 16361
1 256 16362 16362
1 256 16363 16363
1 256 26 26
1 256 25 25
1 256 16364 16364
1 256 24 24
1 256 23 23
1 256 22 22
1 256 16365 16365
1 256 21 21
1 256 20 20
1 256 16366 16366
1 256 16367 16367
1 256 19 19
1 256 18 18
1 256 17 17
1 256 16368 16368
1 256 16 16
1 256 15 15
1 256 16369 16369
1 256 14 14
1 256 16370 16370
1 256 16371 16371
1 256 13 13
1 256 12 12
1 256 11 11
1 256 10 10
1 256 16372 16372
1 256 9 9
1 256 16373 16373
1 256 16374 16374
1 256 8 8
1 256 16375 16375
1 256 7 7
1 256 6 6
1 256 16376 16376
1 256 5 5
1 256 4 4
1 256 3 3
1 256 16377 16377
1 256 16378 16378
1 256 16379 16379
1 256 16380 16380
1 256 2 2
1 256 16381 16381
1 256 16382 16382
1 256 1 1
1 256 16383 16383
1 256 16384 16384
